row_index,object_id,ID_COSMOS,COSMOS_ID0,luminosity_bin,log_stellar_mass_truth,recovered_logm,logm16,logm84,residual_log_ratio,residual_errorbar_distance_dex,errorbar_y_min,errorbar_y_max,abs_residual_log_ratio,residual_rank_in_bin
141,074700.19+285608.5_473476_0.0001,473476,473476,L < 42,8.82973,5.010080399536972,4.861273757772813,5.345112289637624,-3.819649600463028,3.484617710362375,-3.9684562422271865,-3.484617710362375,3.819649600463028,1
336,083234.78+072917.2_922124_0.0003,922124,922124,L < 42,10.1193,6.570299838071305,4.448245392184713,7.387979010867435,-3.549000161928696,2.7313209891325667,-5.671054607815288,-2.7313209891325667,3.549000161928696,2
175,075216.55+500251.3_473476_0.0001,473476,473476,L < 42,8.82973,5.419300572782435,4.44261456254748,5.850470493624376,-3.410429427217565,2.979259506375624,-4.387115437452519,-2.979259506375624,3.410429427217565,3
153,074948.26+345444.0_315709_0.0003,315709,315709,L < 42,9.08123,5.684812382282866,5.683361350065816,5.685468790984952,-3.396417617717134,3.3957612090150473,-3.3978686499341837,-3.3957612090150473,3.396417617717134,4
948,153204.94+345439.8_922277_0.0001,922277,922277,L < 42,10.7506,7.379860881523749,5.241502476666996,8.197206712762874,-3.3707391184762514,2.5533932872371263,-5.509097523333004,-2.5533932872371263,3.3707391184762514,5
807,145113.57+030341.0_922124_0.0001,922124,922124,L < 42,10.1193,6.86090720259971,4.841147866583597,7.822910486077902,-3.2583927974002904,2.296389513922099,-5.278152133416404,-2.296389513922099,3.2583927974002904,6
831,145859.35+041613.8_922124_0.0001,922124,922124,L < 42,10.1193,6.863914016961441,5.039108195624416,7.664332059656536,-3.2553859830385594,2.454967940343465,-5.080191804375585,-2.454967940343465,3.2553859830385594,7
1080,160249.32+250441.0_473476_0.0001,473476,473476,L < 42,8.82973,5.581422530126079,5.517214215657062,5.633176182843313,-3.2483074698739207,3.196553817156687,-3.3125157843429376,-3.196553817156687,3.2483074698739207,8
626,103951.49+643004.2_922124_0.0001,922124,922124,L < 42,10.1193,6.921194182578272,5.32416583199891,7.520739752632059,-3.1981058174217285,2.598560247367942,-4.795134168001091,-2.598560247367942,3.1981058174217285,9
56,030227.42-071940.7_922124_0.0001,922124,922124,L < 42,10.1193,6.931135536209649,5.454046778616384,7.524061104631928,-3.1881644637903515,2.595238895368073,-4.665253221383617,-2.595238895368073,3.1881644637903515,10
281,082053.76+513539.1_922124_0.0001,922124,922124,L < 42,10.1193,6.980535087354081,5.406823983901168,7.952961247653536,-3.13876491264592,2.166338752346465,-4.712476016098833,-2.166338752346465,3.13876491264592,11
718,142622.24+214441.1_922124_0.0001,922124,922124,L < 42,10.1193,6.99840293760108,4.932379390059707,7.73528111329214,-3.120897062398921,2.384018886707861,-5.186920609940294,-2.384018886707861,3.120897062398921,12
1168,161940.56+254323.0_473476_0.0001,473476,473476,L < 42,8.82973,5.723228806907675,3.2524339347181104,6.868004717190516,-3.106501193092325,1.9617252828094838,-5.577296065281889,-1.9617252828094838,3.106501193092325,13
235,080718.99+140524.7_922277_0.0003,922277,922277,L < 42,10.7506,7.65598507314116,6.697912629861231,8.288781118795878,-3.0946149268588403,2.461818881204122,-4.052687370138769,-2.461818881204122,3.0946149268588403,14
1091,160345.75+481458.3_922277_0.0001,922277,922277,L < 42,10.7506,7.673670064244701,6.38822034747767,9.342261831508733,-3.076929935755299,1.4083381684912668,-4.362379652522329,-1.4083381684912668,3.076929935755299,15
1337,171449.08+350647.6_922277_0.0003,922277,922277,L < 42,10.7506,7.681225675257389,6.704652088834855,8.313171548453198,-3.0693743247426117,2.4374284515468028,-4.045947911165145,-2.4374284515468028,3.0693743247426117,16
1232,163459.82+204936.0_315709_0.0003,315709,315709,L < 42,9.08123,6.049876995950239,6.045467434391793,6.055395794438364,-3.0313530040497607,3.025834205561636,-3.0357625656082066,-3.025834205561636,3.0313530040497607,17
180,075217.84+193542.2_315709_0.0003,315709,315709,L < 42,9.08123,6.053458232018162,4.312525820601214,6.81184702164132,-3.0277717679818377,2.2693829783586796,-4.768704179398786,-2.2693829783586796,3.0277717679818377,18
521,092014.12+453157.3_922124_0.0003,922124,922124,L < 42,10.1193,7.096086831203333,6.037354219354313,7.708254208808587,-3.0232131687966675,2.4110457911914143,-4.081945780645688,-2.4110457911914143,3.0232131687966675,19
803,144843.89+253116.7_473476_0.0003,473476,473476,L < 42,8.82973,5.81290653606666,3.6638375401773415,6.565623989863787,-3.0168234639333398,2.264106010136213,-5.1658924598226585,-2.264106010136213,3.0168234639333398,20
913,152112.22+025347.6_922124_0.0001,922124,922124,L < 42,10.1193,7.103515414294735,5.8533345465094735,8.645091881706035,-3.0157845857052656,1.4742081182939657,-4.265965453490527,-1.4742081182939657,3.0157845857052656,21
531,092720.73+391853.7_922124_0.0003,922124,922124,L < 42,10.1193,7.143614191939259,6.132271463031678,7.665151712988802,-2.9756858080607422,2.454148287011199,-3.9870285369683227,-2.454148287011199,2.9756858080607422,22
133,074524.97+375436.6_922277_0.0003,922277,922277,L < 42,10.7506,7.780500546116256,6.783883474453024,8.613382655066339,-2.970099453883744,2.1372173449336618,-3.9667165255469765,-2.1372173449336618,2.970099453883744,23
313,082953.91+371830.4_922277_0.0001,922277,922277,L < 42,10.7506,7.824629611036297,6.77749005557554,8.758244253742843,-2.9259703889637034,1.9923557462571573,-3.9731099444244604,-1.9923557462571573,2.9259703889637034,24
672,135759.82+075017.7_922277_0.0003,922277,922277,L < 42,10.7506,7.841287506264916,7.120956447449132,8.591554050040854,-2.9093124937350847,2.159045949959147,-3.629643552550869,-2.159045949959147,2.9093124937350847,25
636,105742.11+651814.4_717776_0.0001,717776,717776,L < 42,9.542,6.633899387348784,6.562359414374188,6.791077829945992,-2.908100612651216,2.7509221700540074,-2.9796405856258117,-2.7509221700540074,2.908100612651216,26
832,145901.07+120752.3_922277_0.0001,922277,922277,L < 42,10.7506,7.853210106228166,6.92653953954189,8.585569292782617,-2.8973898937718348,2.165030707217383,-3.82406046045811,-2.165030707217383,2.8973898937718348,27
167,075209.09+414235.5_473476_0.0003,473476,473476,L < 42,8.82973,6.042552653429924,5.970865428175884,6.101432864670789,-2.7871773465700755,2.7282971353292105,-2.8588645718241157,-2.7282971353292105,2.7871773465700755,28
397,084349.75+261910.7_473476_0.0001,473476,473476,L < 42,8.82973,6.08106152113834,4.400337051273857,6.807396859422064,-2.74866847886166,2.0223331405779357,-4.429392948726143,-2.0223331405779357,2.74866847886166,29
829,145849.72+191033.4_473476_0.0001,473476,473476,L < 42,8.82973,6.091383312170699,4.211809593647311,6.8221168801266,-2.738346687829301,2.0076131198733993,-4.617920406352689,-2.0076131198733993,2.738346687829301,30
1214,163111.28+404805.2_473476_0.0001,473476,473476,L < 42,8.82973,6.100626871653814,5.580402284595594,6.685552954340113,-2.729103128346185,2.144177045659886,-3.2493277154044056,-2.144177045659886,2.729103128346185,31
564,093943.75+560230.5_315709_0.0003,315709,315709,L < 42,9.08123,6.354291172526379,4.861677176524714,6.789319897921652,-2.726938827473621,2.291910102078348,-4.2195528234752855,-2.291910102078348,2.726938827473621,32
615,102100.75+643604.5_702761_0.0001,702761,702761,L < 42,9.31364,6.593346110214993,6.593159730018211,6.593632150056213,-2.7202938897850064,2.7200078499437863,-2.7204802699817883,-2.7200078499437863,2.7202938897850064,33
161,075101.42+291419.1_315709_0.0003,315709,315709,L < 42,9.08123,6.382444736257069,5.468216233436445,6.788681351033269,-2.6987852637429306,2.292548648966731,-3.6130137665635544,-2.292548648966731,2.6987852637429306,34
1310,170249.62+400216.7_638798_0.0001,638798,638798,L < 42,10.3417,7.692986333569763,6.5289061333025975,8.391561829214645,-2.648713666430236,1.9501381707853547,-3.812793866697402,-1.9501381707853547,2.648713666430236,35
841,150148.85+014405.1_891438_0.0003,891438,891438,L < 42,11.2506,8.633483132493112,8.274858162829846,9.07707260450992,-2.6171168675068888,2.17352739549008,-2.9757418371701547,-2.17352739549008,2.6171168675068888,36
574,094212.31+484342.7_869049_0.0003,869049,869049,L < 42,10.8526,8.257411039547078,8.171364092811732,8.361812628802452,-2.595188960452923,2.4907873711975483,-2.6812359071882685,-2.4907873711975483,2.595188960452923,37
1051,155609.80+030922.3_315709_0.0003,315709,315709,L < 42,9.08123,6.538974402329002,5.6624912900418725,6.833666946870961,-2.542255597670998,2.2475630531290385,-3.4187387099581272,-2.2475630531290385,2.542255597670998,38
1177,162136.72+495850.8_715818_0.0003,715818,715818,L < 42,9.83864,7.303573914679276,6.807867124426432,7.574296942837301,-2.5350660853207234,2.264343057162699,-3.030772875573568,-2.264343057162699,2.5350660853207234,39
918,152139.66+033729.2_315709_0.0003,315709,315709,L < 42,9.08123,6.57104114786587,5.772862829064359,6.8554820080183845,-2.51018885213413,2.225747991981615,-3.3083671709356404,-2.225747991981615,2.51018885213413,40
769,144240.79+052423.2_315709_0.0003,315709,315709,L < 42,9.08123,6.576048693610956,5.977059993687707,6.88881509012046,-2.505181306389044,2.1924149098795405,-3.1041700063122932,-2.1924149098795405,2.505181306389044,41
369,083735.83+533055.7_436135_0.0001,436135,436135,L < 42,10.7492,8.253930604891979,7.264010752182846,9.091724760746931,-2.4952693951080214,1.6574752392530687,-3.4851892478171544,-1.6574752392530687,2.4952693951080214,42
589,094952.66+515708.2_793550_0.0001,793550,793550,L < 42,9.6926,7.199039182429471,7.187676340620906,7.20662777347396,-2.49356081757053,2.485972226526041,-2.5049236593790942,-2.485972226526041,2.49356081757053,43
1069,160110.34+210658.7_473476_0.0003,473476,473476,L < 42,8.82973,6.33977810548749,4.606663196256686,6.909275181615923,-2.48995189451251,1.9204548183840764,-4.223066803743314,-1.9204548183840764,2.48995189451251,44
786,144430.78+302217.4_558594_0.0001,558594,558594,L < 42,10.6406,8.154161356865126,7.1082277643127165,8.883997767325113,-2.486438643134873,1.7566022326748865,-3.5323722356872826,-1.7566022326748865,2.486438643134873,45
830,145849.72+191033.4_473476_0.0003,473476,473476,L < 42,8.82973,6.344946322504756,5.136920218579061,6.839886310902534,-2.484783677495243,1.9898436890974658,-3.692809781420939,-1.9898436890974658,2.484783677495243,46
80,033431.31+005121.5_226550_0.0003,226550,226550,L < 42,10.3117,7.843196666049283,6.958704310840289,8.598311136880234,-2.468503333950717,1.713388863119766,-3.3529956891597115,-1.713388863119766,2.468503333950717,47
644,134512.44-023146.1_383517_0.0001,383517,383517,L < 42,10.4314,7.967496713552138,6.855411211890744,8.701045440058664,-2.463903286447862,1.7303545599413361,-3.575988788109256,-1.7303545599413361,2.463903286447862,48
1174,162114.39+181949.7_315709_0.0003,315709,315709,L < 42,9.08123,6.619427875284371,6.128822586056631,6.818956693580203,-2.4618021247156285,2.2622733064197966,-2.9524074139433685,-2.2622733064197966,2.4618021247156285,49
1190,162711.89+314359.3_558594_0.0003,558594,558594,L < 42,10.6406,8.182551057852317,7.079804290424398,8.817688290859664,-2.4580489421476823,1.8229117091403353,-3.5607957095756015,-1.8229117091403353,2.4580489421476823,50
1115,160855.60+155200.2_315709_0.0003,315709,315709,L < 42,9.08123,6.631143113336275,5.787015388792115,6.893097181011628,-2.4500868866637244,2.1881328189883718,-3.2942146112078845,-2.1881328189883718,2.4500868866637244,51
643,134127.40+002050.5_558594_0.0001,558594,558594,L < 42,10.6406,8.199316091140812,7.164042387366628,8.917831731073559,-2.441283908859188,1.722768268926441,-3.4765576126333717,-1.722768268926441,2.441283908859188,52
466,090210.16+444625.4_473476_0.0001,473476,473476,L < 42,8.82973,6.393055202630102,5.124998855802733,6.8950019133495175,-2.436674797369897,1.9347280866504817,-3.704731144197266,-1.9347280866504817,2.436674797369897,53
1152,161650.29+221449.5_473476_0.0003,473476,473476,L < 42,8.82973,6.400679232221858,5.333289370760251,6.932181392254324,-2.4290507677781417,1.8975486077456756,-3.496440629239749,-1.8975486077456756,2.4290507677781417,54
473,090441.80+351628.0_819051_0.0001,819051,819051,L < 42,10.1652,7.748315804051391,6.586366537303365,8.564998603597562,-2.416884195948609,1.6002013964024373,-3.5788334626966343,-1.6002013964024373,2.416884195948609,55
1022,154852.42+031923.2_819051_0.0003,819051,819051,L < 42,10.1652,7.773371286615543,6.690964241819327,8.50200132429608,-2.3918287133844576,1.6631986757039208,-3.474235758180673,-1.6631986757039208,2.3918287133844576,56
423,085001.16+462600.5_436135_0.0001,436135,436135,L < 42,10.7492,8.358686258708712,7.134930581606979,9.294308532153783,-2.390513741291288,1.4548914678462164,-3.6142694183930204,-1.4548914678462164,2.390513741291288,57
730,142924.66+060055.5_558594_0.0001,558594,558594,L < 42,10.6406,8.25401438258923,7.356624232111927,8.806613208696023,-2.38658561741077,1.8339867913039765,-3.283975767888072,-1.8339867913039765,2.38658561741077,58
176,075216.55+500251.3_473476_0.0003,473476,473476,L < 42,8.82973,6.4637177979400535,4.962480315891164,6.914783716158931,-2.366012202059946,1.9149462838410685,-3.8672496841088355,-1.9149462838410685,2.366012202059946,59
846,150254.12+074155.7_473476_0.0001,473476,473476,L < 42,8.82973,6.491829441786086,5.1762901461293644,6.908520384061678,-2.3379005582139136,1.9212096159383218,-3.653439853870635,-1.9212096159383218,2.3379005582139136,60
8,021121.04+121445.9_945627_0.0001,945627,945627,L < 42,9.92763,7.608261572402888,6.069679591923592,8.220419350164933,-2.3193684275971123,1.7072106498350674,-3.857950408076409,-1.7072106498350674,2.3193684275971123,61
1169,161949.94+352008.1_233582_0.0001,233582,233582,L < 42,10.4,8.087212054349802,6.875751787953968,8.834442474204497,-2.3127879456501983,1.5655575257955032,-3.5242482120460323,-1.5655575257955032,2.3127879456501983,62
1117,160951.75+401252.3_355786_0.0001,355786,355786,L < 42,7.95248,5.667395869153334,5.267758422620959,6.036767010154407,-2.2850841308466663,1.9157129898455931,-2.684721577379041,-1.9157129898455931,2.2850841308466663,63
1008,154511.29+223856.0_608503_0.0001,608503,608503,L < 42,10.4018,8.194728612558407,7.235094651265625,8.848628104352045,-2.2070713874415926,1.5531718956479548,-3.166705348734375,-1.5531718956479548,2.2070713874415926,64
219,080427.98+522306.2_962307_0.0001,962307,962307,L < 42,9.69959,7.521131097615301,6.387397891419275,7.821573768235263,-2.1784589023846994,1.8780162317647378,-3.3121921085807253,-1.8780162317647378,2.1784589023846994,65
675,140034.70+004733.4_962307_0.0001,962307,962307,L < 42,9.69959,7.537939680825495,7.277173977122225,7.790952327438389,-2.1616503191745053,1.9086376725616114,-2.4224160228777754,-1.9086376725616114,2.1616503191745053,66
224,080529.75+433644.5_785305_0.0001,785305,785305,L < 42,10.7981,8.641939981183807,7.57832683518786,9.318510646655996,-2.156160018816193,1.4795893533440037,-3.21977316481214,-1.4795893533440037,2.156160018816193,67
469,090351.48+290158.7_473476_0.0003,473476,473476,L < 42,8.82973,6.6878599964383785,4.634564970099023,7.03544005555111,-2.141870003561621,1.7942899444488898,-4.195165029900977,-1.7942899444488898,2.141870003561621,68
1233,163459.82+204936.0_315709_0.001,315709,315709,L < 42,9.08123,6.968764007265936,6.561017473121265,7.258813093995084,-2.112465992734064,1.822416906004916,-2.5202125268787343,-1.822416906004916,2.112465992734064,69
921,152205.06+012626.6_315709_0.0003,315709,315709,L < 42,9.08123,6.979579243798048,6.603520021685673,7.187495802637105,-2.101650756201952,1.8937341973628943,-2.4777099783143264,-1.8937341973628943,2.101650756201952,70
1290,165211.82+333619.0_424122_0.0001,424122,424122,L < 42,9.97628,7.884038796157354,6.615209809633967,8.831563580572718,-2.092241203842645,1.1447164194272808,-3.3610701903660316,-1.1447164194272808,2.092241203842645,71
121,073855.74+383755.6_424122_0.0003,424122,424122,L < 42,9.97628,7.8857837491204,6.466084369287044,8.628512988006609,-2.090496250879599,1.3477670119933904,-3.510195630712955,-1.3477670119933904,2.090496250879599,72
341,083322.29+055859.2_327960_0.0003,327960,327960,L < 42,10.0189,7.93307842590445,6.793203099752232,8.708970347270496,-2.08582157409555,1.3099296527295037,-3.225696900247767,-1.3099296527295037,2.08582157409555,73
935,152840.85+241638.4_962307_0.0001,962307,962307,L < 42,9.69959,7.613882736829972,7.303269319321462,7.868556042043212,-2.085707263170028,1.8310339579567882,-2.3963206806785387,-1.8310339579567882,2.085707263170028,74
578,094307.46+523403.0_962307_0.0001,962307,962307,L < 42,9.69959,7.619619342961194,7.270508902013787,7.877622950584858,-2.079970657038807,1.821967049415143,-2.429081097986214,-1.821967049415143,2.079970657038807,75
268,081748.83+144115.0_945627_0.0001,945627,945627,L < 42,9.92763,7.850408420543614,6.911077564311308,8.301072359609146,-2.077221579456386,1.6265576403908546,-3.0165524356886926,-1.6265576403908546,2.077221579456386,76
1209,163043.36+154216.1_962307_0.0003,962307,962307,L < 42,9.69959,7.624550757632038,7.268845522890305,7.88495308020871,-2.0750392423679624,1.8146369197912904,-2.4307444771096955,-1.8146369197912904,2.0750392423679624,77
579,094307.46+523403.0_962307_0.0003,962307,962307,L < 42,9.69959,7.627268574452813,7.286030113888632,7.870487446035104,-2.072321425547188,1.8291025539648973,-2.413559886111369,-1.8291025539648973,2.072321425547188,78
1020,154850.20+005549.0_380690_0.0001,380690,380690,L < 42,10.1705,8.113182958466036,7.135000876562764,8.884581358507829,-2.057317041533965,1.285918641492172,-3.035499123437236,-1.285918641492172,2.057317041533965,79
751,143839.00+015613.7_945627_0.0001,945627,945627,L < 42,9.92763,7.872243609746363,7.012204225279979,8.392192216856563,-2.055386390253638,1.535437783143438,-2.9154257747200214,-1.535437783143438,2.055386390253638,80
503,091432.37+302249.4_962307_0.0003,962307,962307,L < 42,9.69959,7.646826054241711,7.286415802316348,7.872321518657181,-2.052763945758289,1.827268481342819,-2.4131741976836514,-1.827268481342819,2.052763945758289,81
142,074700.19+285608.5_473476_0.0003,473476,473476,L < 42,8.82973,6.807204813081725,5.906813605411132,7.155923671554713,-2.0225251869182745,1.6738063284452869,-2.922916394588867,-1.6738063284452869,2.0225251869182745,82
1010,154511.29+223856.0_702761_0.0001,702761,702761,L < 42,9.31364,7.295040070003534,4.865356941732124,7.670147483445378,-2.0185999299964656,1.6434925165546215,-4.448283058267876,-1.6434925165546215,2.0185999299964656,83
1081,160249.32+250441.0_473476_0.0003,473476,473476,L < 42,8.82973,6.812986935966295,6.249701530360747,7.115513138180643,-2.0167430640337045,1.7142168618193567,-2.5800284696392524,-1.7142168618193567,2.0167430640337045,84
44,024706.65+002318.2_962307_0.0003,962307,962307,L < 42,9.69959,7.707474535680994,7.390423390738507,7.966193967332747,-1.9921154643190064,1.7333960326672537,-2.309166609261494,-1.7333960326672537,1.9921154643190064,85
471,090406.70+331032.0_945627_0.0001,945627,945627,L < 42,9.92763,7.935753506382259,7.045558856799933,8.45218724826356,-1.9918764936177416,1.475442751736441,-2.8820711432000676,-1.475442751736441,1.9918764936177416,86
477,090610.11+542323.2_370158_0.0001,370158,370158,L < 42,10.7597,8.789622173435589,7.625932408007137,9.66684522655415,-1.9700778265644117,1.0928547734458507,-3.1337675919928634,-1.0928547734458507,1.9700778265644117,87
550,093723.85+590652.6_424122_0.0003,424122,424122,L < 42,9.97628,8.010350311784602,7.125719994767662,8.83987869264258,-1.9659296882153967,1.1364013073574188,-2.850560005232337,-1.1364013073574188,1.9659296882153967,88
783,144428.43+292832.8_765830_0.0001,765830,765830,L < 42,11.0943,9.13287478127911,8.086619293615637,10.076197201689467,-1.9614252187208905,1.018102798310533,-3.007680706384363,-1.018102798310533,1.9614252187208905,89
443,085538.58+235005.4_885056_0.0001,885056,885056,L < 42,8.91149,6.97111467851855,6.853576214181298,7.10890517863001,-1.9403753214814508,1.8025848213699902,-2.0579137858187027,-1.8025848213699902,1.9403753214814508,90
813,145308.00+221707.7_945627_0.0001,945627,945627,L < 42,9.92763,7.993407366572576,7.106624695765531,8.447166370798087,-1.9342226334274244,1.480463629201914,-2.82100530423447,-1.480463629201914,1.9342226334274244,91
358,083703.29+250815.2_473476_0.0001,473476,473476,L < 42,8.82973,6.896905678650686,6.564409732735181,7.302572802508191,-1.9328243213493133,1.5271571974918083,-2.2653202672648183,-1.5271571974918083,1.9328243213493133,92
942,153008.97-015813.2_765830_0.0001,765830,765830,L < 42,11.0943,9.170934621041498,7.746798505772328,10.058827197369936,-1.9233653789585023,1.0354728026300641,-3.3475014942276724,-1.0354728026300641,1.9233653789585023,93
391,084302.49+185612.4_473476_0.0003,473476,473476,L < 42,8.82973,6.914590246554406,6.14186374173952,7.184868556220724,-1.9151397534455936,1.644861443779275,-2.6878662582604793,-1.644861443779275,1.9151397534455936,94
809,145116.03+350455.3_592463_0.0001,592463,592463,L < 42,10.3092,8.422259830301652,7.453687332461028,8.93346859347892,-1.8869401696983488,1.37573140652108,-2.8555126675389726,-1.37573140652108,1.8869401696983488,95
300,082549.26+173348.5_702761_0.0001,702761,702761,L < 42,9.31364,7.445704244589234,6.713689949805859,7.696939799319092,-1.8679357554107647,1.6167002006809068,-2.5999500501941397,-1.6167002006809068,1.8679357554107647,96
173,075209.09+414235.5_962165_0.0003,962165,962165,L < 42,10.0003,8.1514408030412,7.119563549579188,8.898168303721427,-1.8488591969587984,1.1021316962785723,-2.8807364504208115,-1.1021316962785723,1.8488591969587984,97
459,085906.48+245240.9_696789_0.0001,696789,696789,L < 42,9.56172,7.713555201090324,7.048013515274053,8.332227233220326,-1.848164798909675,1.2294927667796731,-2.5137064847259465,-1.2294927667796731,1.848164798909675,98
764,144059.68+190248.5_696789_0.0001,696789,696789,L < 42,9.56172,7.749078258896491,7.737087052385262,7.755755750021795,-1.8126417411035085,1.8059642499782047,-1.8246329476147372,-1.8059642499782047,1.8126417411035085,99
365,083703.29+250815.2_906258_0.0001,906258,906258,L < 42,9.95018,8.148164458627495,7.265755008268234,8.909008647656789,-1.802015541372505,1.041171352343211,-2.684424991731766,-1.041171352343211,1.802015541372505,100
3727,151531.01+155529.7_922277_0.003,922277,922277,42 < L < 43,10.7506,5.837331836251684,4.1855684363899615,8.07738001783519,-4.913268163748317,2.6732199821648095,-6.565031563610039,-2.6732199821648095,4.913268163748317,1
1523,030555.41+002153.1_922277_0.003,922277,922277,42 < L < 43,10.7506,6.472399734991362,6.162724728157379,6.606801605042942,-4.278200265008638,4.1437983949570585,-4.587875271842622,-4.1437983949570585,4.278200265008638,2
2509,085058.07+101822.1_889497_0.001,889497,889497,42 < L < 43,10.307,6.311532488936591,6.164208781684425,6.678971074261755,-3.99546751106341,3.6280289257382465,-4.142791218315576,-3.6280289257382465,3.99546751106341,3
3007,103951.49+643004.2_922124_0.003,922124,922124,42 < L < 43,10.1193,6.248407075390849,6.185713218144201,6.416149485225574,-3.870892924609152,3.703150514774427,-3.9335867818558,-3.703150514774427,3.870892924609152,4
3596,150213.46+113830.0_922277_0.001,922277,922277,42 < L < 43,10.7506,7.048190833923599,6.282137747682765,7.58904799537234,-3.702409166076402,3.1615520046276604,-4.468462252317235,-3.1615520046276604,3.702409166076402,5
3323,143503.06+230300.9_922277_0.003,922277,922277,42 < L < 43,10.7506,7.097802592030289,6.582350180191899,8.015185512848664,-3.652797407969711,2.7354144871513366,-4.168249819808102,-2.7354144871513366,3.652797407969711,6
3712,151326.72+035225.6_922124_0.003,922124,922124,42 < L < 43,10.1193,6.515020824723555,6.381398027260338,6.656253615680519,-3.604279175276446,3.4630463843194814,-3.737901972739663,-3.4630463843194814,3.604279175276446,7
4576,162459.41+235349.0_558594_0.001,558594,558594,42 < L < 43,10.6406,7.08480316044184,7.057437471334016,7.093729289884394,-3.555796839558159,3.5468707101156047,-3.5831625286659827,-3.5468707101156047,3.555796839558159,8
4218,155846.72+223549.6_922124_0.0003,922124,922124,42 < L < 43,10.1193,6.747469400392019,4.675252014564887,7.434967710947411,-3.371830599607982,2.6843322890525902,-5.444047985435114,-2.6843322890525902,3.371830599607982,9
1775,075051.72+245409.3_922277_0.0001,922277,922277,42 < L < 43,10.7506,7.398981924869765,5.613724088726931,8.087595793800906,-3.351618075130236,2.6630042061990946,-5.136875911273069,-2.6630042061990946,3.351618075130236,10
3983,154025.23+211445.6_922277_0.003,922277,922277,42 < L < 43,10.7506,7.406401081271355,5.652294803666443,8.091406693362197,-3.3441989187286456,2.6591933066378033,-5.098305196333557,-2.6591933066378033,3.3441989187286456,11
3715,151340.18+051811.7_922277_0.003,922277,922277,42 < L < 43,10.7506,7.4129057466090575,6.035361747785888,7.965580140799698,-3.337694253390943,2.785019859200302,-4.715238252214112,-2.785019859200302,3.337694253390943,12
2185,082439.10+090857.6_922277_0.003,922277,922277,42 < L < 43,10.7506,7.416440026726055,6.272730040506532,7.9789342092583455,-3.334159973273945,2.7716657907416544,-4.477869959493468,-2.7716657907416544,3.334159973273945,13
2196,082531.78+345751.8_922277_0.0003,922277,922277,42 < L < 43,10.7506,7.41804704548899,5.982867274331767,8.054216668210541,-3.3325529545110104,2.696383331789459,-4.767732725668234,-2.696383331789459,3.3325529545110104,14
4664,163337.53+420652.8_922277_0.003,922277,922277,42 < L < 43,10.7506,7.421005014432724,6.444570116370008,8.002272270415153,-3.329594985567276,2.7483277295848474,-4.306029883629992,-2.7483277295848474,3.329594985567276,15
3982,154025.23+211445.6_922124_0.003,922124,922124,42 < L < 43,10.1193,6.796259661881987,6.449324311499499,7.098915853227658,-3.3230403381180142,3.0203841467723427,-3.669975688500502,-3.0203841467723427,3.3230403381180142,16
2034,081109.38+172928.9_922124_0.001,922124,922124,42 < L < 43,10.1193,6.800473118586128,4.181365348988344,7.504489501411054,-3.318826881413873,2.6148104985889464,-5.937934651011656,-2.6148104985889464,3.318826881413873,17
3713,151326.72+035225.6_922277_0.003,922277,922277,42 < L < 43,10.7506,7.435780016761667,6.239008940400407,8.019179172228458,-3.3148199832383334,2.731420827771542,-4.511591059599593,-2.731420827771542,3.3148199832383334,18
4108,155100.81+241153.0_922277_0.001,922277,922277,42 < L < 43,10.7506,7.452640388377545,6.283308183695752,8.090452752993544,-3.2979596116224554,2.6601472470064564,-4.4672918163042485,-2.6601472470064564,3.2979596116224554,19
1859,075651.50+321007.6_922277_0.001,922277,922277,42 < L < 43,10.7506,7.456690259484731,6.062252179942822,7.977406288171953,-3.2939097405152697,2.773193711828047,-4.688347820057178,-2.773193711828047,3.2939097405152697,20
4305,160402.93+142222.7_922277_0.003,922277,922277,42 < L < 43,10.7506,7.463646770349325,5.1289719745523685,8.039534083579243,-3.286953229650675,2.7110659164207576,-5.621628025447632,-2.7110659164207576,3.286953229650675,21
4523,162004.69+260326.3_922124_0.003,922124,922124,42 < L < 43,10.1193,6.833217614803323,6.668324662981569,6.930444572156538,-3.2860823851966776,3.188855427843463,-3.4509753370184315,-3.188855427843463,3.2860823851966776,22
4363,160840.53+493411.4_922124_0.001,922124,922124,42 < L < 43,10.1193,6.856878632753691,4.513580667736618,7.479840784653758,-3.2624213672463096,2.6394592153462426,-5.605719332263383,-2.6394592153462426,3.2624213672463096,23
2103,081656.20+035558.7_922124_0.001,922124,922124,42 < L < 43,10.1193,6.859182673472017,5.032119548127595,7.452126853156372,-3.2601173265279835,2.667173146843629,-5.087180451872406,-2.667173146843629,3.2601173265279835,24
4417,161135.07+080755.4_922124_0.003,922124,922124,42 < L < 43,10.1193,6.873547986910319,6.871732634453879,6.876045050872267,-3.2457520130896818,3.243254949127734,-3.2475673655461215,-3.243254949127734,3.2457520130896818,25
4661,163315.05+315510.3_922277_0.003,922277,922277,42 < L < 43,10.7506,7.506745240066478,6.72572336001035,8.041524212519597,-3.243854759933522,2.709075787480403,-4.0248766399896505,-2.709075787480403,3.243854759933522,26
2779,092150.22+575615.1_922124_0.001,922124,922124,42 < L < 43,10.1193,6.879292410860382,5.2267006484908025,7.5004084688922275,-3.240007589139619,2.6188915311077734,-4.892599351509198,-2.6188915311077734,3.240007589139619,27
3204,141956.65+060626.8_922277_0.003,922277,922277,42 < L < 43,10.7506,7.513202906338758,6.635253716372272,7.99351338105484,-3.237397093661242,2.75708661894516,-4.115346283627728,-2.75708661894516,3.237397093661242,28
3297,143223.80-014823.1_922277_0.003,922277,922277,42 < L < 43,10.7506,7.517555122881568,6.26130355297255,8.083250058321164,-3.2330448771184326,2.667349941678836,-4.48929644702745,-2.667349941678836,3.2330448771184326,29
3296,143223.80-014823.1_922124_0.001,922124,922124,42 < L < 43,10.1193,6.8910593465026135,4.62526960519215,7.437908407264019,-3.2282406534973878,2.681391592735982,-5.494030394807851,-2.681391592735982,3.2282406534973878,30
4304,160402.93+142222.7_922277_0.001,922277,922277,42 < L < 43,10.7506,7.528922932406581,6.688197267078545,8.12258528314234,-3.2216770675934194,2.6280147168576597,-4.062402732921456,-2.6280147168576597,3.2216770675934194,31
2563,085618.74+333500.8_922277_0.001,922277,922277,42 < L < 43,10.7506,7.540238571973322,2.0554319035867965,8.235570978375428,-3.210361428026678,2.5150290216245716,-8.695168096413203,-2.5150290216245716,3.210361428026678,32
3459,144959.65+191204.3_922277_0.003,922277,922277,42 < L < 43,10.7506,7.549483831546523,6.493111858298876,8.100779068329224,-3.2011161684534777,2.649820931670776,-4.257488141701124,-2.649820931670776,3.2011161684534777,33
1738,074732.62+371722.9_922277_0.003,922277,922277,42 < L < 43,10.7506,7.555470562118172,6.362552185146725,8.095041452438618,-3.195129437881828,2.6555585475613817,-4.388047814853275,-2.6555585475613817,3.195129437881828,34
3108,135750.76-011022.0_922124_0.001,922124,922124,42 < L < 43,10.1193,6.937252913146413,5.706912835055635,7.45358958133234,-3.182047086853588,2.6657104186676612,-4.412387164944366,-2.6657104186676612,3.182047086853588,35
2698,091001.80+634537.4_922277_0.001,922277,922277,42 < L < 43,10.7506,7.57025743372405,6.499898544324238,8.089821774095443,-3.18034256627595,2.660778225904558,-4.250701455675762,-2.660778225904558,3.18034256627595,36
2809,092720.73+391853.7_922277_0.003,922277,922277,42 < L < 43,10.7506,7.572794519790294,6.095256860691059,8.114843885703745,-3.177805480209706,2.635756114296255,-4.6553431393089415,-2.635756114296255,3.177805480209706,37
2690,090851.79+304331.8_922277_0.001,922277,922277,42 < L < 43,10.7506,7.579092197565664,6.478223895033776,8.117358887200021,-3.171507802434336,2.633241112799979,-4.2723761049662246,-2.633241112799979,3.171507802434336,38
2598,085934.43+201006.3_922277_0.003,922277,922277,42 < L < 43,10.7506,7.581558375089492,6.615026429728472,8.09313300575131,-3.169041624910508,2.6574669942486895,-4.135573570271529,-2.6574669942486895,3.169041624910508,39
1366,013830.25+223636.5_592463_0.0001,592463,592463,42 < L < 43,10.3092,7.1418750510605005,6.941337865861695,7.319057763531801,-3.1673249489395,2.9901422364681993,-3.3678621341383055,-2.9901422364681993,3.1673249489395,40
4632,163020.78+375656.4_922277_0.001,922277,922277,42 < L < 43,10.7506,7.599852040808075,6.654689820976828,8.09218916631332,-3.150747959191925,2.6584108336866805,-4.095910179023172,-2.6584108336866805,3.150747959191925,41
3070,134920.41-023537.4_922277_0.003,922277,922277,42 < L < 43,10.7506,7.601591822151086,6.587215769797647,8.180629700241902,-3.1490081778489145,2.569970299758099,-4.163384230202354,-2.569970299758099,3.1490081778489145,42
2104,081656.20+035558.7_922277_0.003,922277,922277,42 < L < 43,10.7506,7.602547293264754,5.801690500297419,8.099200990223094,-3.148052706735246,2.651399009776906,-4.948909499702581,-2.651399009776906,3.148052706735246,43
3612,150321.36+233059.9_922277_0.0003,922277,922277,42 < L < 43,10.7506,7.606463330598221,6.701860688971005,8.210886980511903,-3.144136669401779,2.5397130194880972,-4.048739311028996,-2.5397130194880972,3.144136669401779,44
3485,145207.96+222945.8_922277_0.003,922277,922277,42 < L < 43,10.7506,7.606952429597166,6.572379374783359,8.176898482456961,-3.143647570402834,2.5737015175430393,-4.178220625216642,-2.5737015175430393,3.143647570402834,45
3109,135750.76-011022.0_922124_0.003,922124,922124,42 < L < 43,10.1193,6.993691963669161,6.020893853395237,7.621238275183546,-3.1256080363308403,2.4980617248164547,-4.098406146604764,-2.4980617248164547,3.1256080363308403,46
2270,083132.59+521142.6_922124_0.001,922124,922124,42 < L < 43,10.1193,7.004311135731484,5.868273847980591,7.535233882625259,-3.1149888642685166,2.584066117374742,-4.25102615201941,-2.584066117374742,3.1149888642685166,47
2425,084309.86+294404.6_922124_0.001,922124,922124,42 < L < 43,10.1193,7.007440992461214,5.421841403014549,7.695597274895563,-3.1118590075387864,2.4237027251044383,-4.697458596985451,-2.4237027251044383,3.1118590075387864,48
4130,155253.29+294805.6_922277_0.003,922277,922277,42 < L < 43,10.7506,7.647137141436572,6.880766372131767,8.140469522007244,-3.1034628585634287,2.6101304779927563,-3.8698336278682337,-2.6101304779927563,3.1034628585634287,49
1659,073718.67+290921.6_922124_0.0003,922124,922124,42 < L < 43,10.1193,7.031725416308216,5.90554989379816,7.668807293560142,-3.0875745836917847,2.450492706439859,-4.213750106201841,-2.450492706439859,3.0875745836917847,50
4697,163533.45+293850.8_922124_0.001,922124,922124,42 < L < 43,10.1193,7.064469107388048,5.693327207430609,7.567395914509625,-3.054830892611953,2.551904085490376,-4.425972792569392,-2.551904085490376,3.054830892611953,51
4858,165532.71+423340.7_922277_0.001,922277,922277,42 < L < 43,10.7506,7.708141594009497,6.9850430793231935,8.287113517563375,-3.0424584059905038,2.463486482436626,-3.7655569206768074,-2.463486482436626,3.0424584059905038,52
3069,134920.41-023537.4_922124_0.001,922124,922124,42 < L < 43,10.1193,7.081309271471028,5.837147556825422,7.547154523215726,-3.037990728528973,2.572145476784275,-4.282152443174579,-2.572145476784275,3.037990728528973,53
4101,155046.30+205803.1_922124_0.0003,922124,922124,42 < L < 43,10.1193,7.091939445510334,5.912025205528158,7.56404068639549,-3.0273605544896665,2.5552593136045108,-4.207274794471843,-2.5552593136045108,3.0273605544896665,54
1520,030227.42-071940.7_922124_0.003,922124,922124,42 < L < 43,10.1193,7.092673179852758,5.439092259921028,7.579549674095611,-3.026626820147243,2.5397503259043894,-4.6802077400789726,-2.5397503259043894,3.026626820147243,55
3203,141956.65+060626.8_922124_0.003,922124,922124,42 < L < 43,10.1193,7.092831614898719,5.554589900511092,7.57545746716279,-3.026468385101282,2.5438425328372105,-4.5647100994889085,-2.5438425328372105,3.026468385101282,56
4658,163308.28+403321.4_922124_0.001,922124,922124,42 < L < 43,10.1193,7.099420723030072,6.181902860453491,7.640242847198662,-3.019879276969929,2.4790571528013388,-3.93739713954651,-2.4790571528013388,3.019879276969929,57
4013,154318.39+513042.9_922124_0.003,922124,922124,42 < L < 43,10.1193,7.107611719744127,5.963630718542244,7.691752564295308,-3.011688280255874,2.4275474357046924,-4.155669281457757,-2.4275474357046924,3.011688280255874,58
4667,163343.16+460105.0_885462_0.0003,885462,885462,42 < L < 43,10.8037,7.797881801806937,7.797030681064652,7.798239734599823,-3.0058181981930625,3.005460265400176,-3.006669318935347,-3.005460265400176,3.0058181981930625,59
4843,165329.62+255447.3_922124_0.001,922124,922124,42 < L < 43,10.1193,7.136366057730009,5.777338596464765,7.622329660664695,-2.982933942269992,2.4969703393353058,-4.341961403535236,-2.4969703393353058,2.982933942269992,60
3685,151012.40+021341.5_922124_0.003,922124,922124,42 < L < 43,10.1193,7.137711173191782,5.757983548662505,7.688593275445254,-2.9815888268082187,2.4307067245547467,-4.361316451337496,-2.4307067245547467,2.9815888268082187,61
2538,085343.83+341429.3_922124_0.001,922124,922124,42 < L < 43,10.1193,7.141023462644281,6.23300264972468,7.599644731005767,-2.97827653735572,2.519655268994234,-3.8862973502753206,-2.519655268994234,2.97827653735572,62
4303,160345.75+481458.3_922124_0.001,922124,922124,42 < L < 43,10.1193,7.142434858779042,5.984190157382167,7.6632542158041455,-2.9768651412209586,2.4560457841958554,-4.135109842617834,-2.4560457841958554,2.9768651412209586,63
4824,165118.62+400124.8_962307_0.001,962307,962307,42 < L < 43,9.69959,6.743968335676316,6.708549347893428,6.783448814335845,-2.955621664323685,2.9161411856641557,-2.991040652106572,-2.9161411856641557,2.955621664323685,64
2995,103235.89+612009.4_922124_0.001,922124,922124,42 < L < 43,10.1193,7.166455526509944,5.612155887139578,7.60823121028057,-2.9528444734900567,2.511068789719431,-4.507144112860423,-2.511068789719431,2.9528444734900567,65
3146,140920.79+081030.2_869049_0.003,869049,869049,42 < L < 43,10.8526,7.912583688418531,7.29202113691476,8.806134830310004,-2.94001631158147,2.0464651696899967,-3.560578863085241,-2.0464651696899967,2.94001631158147,66
4729,163849.76+331117.4_962307_0.003,962307,962307,42 < L < 43,9.69959,6.760391021591067,6.5458070508076895,7.651499581661805,-2.9391989784089336,2.0480904183381954,-3.153782949192311,-2.0480904183381954,2.9391989784089336,67
4260,160129.74+215700.3_922124_0.003,922124,922124,42 < L < 43,10.1193,7.189177624076073,6.883250160673535,7.5346846766830975,-2.9301223759239274,2.5846153233169034,-3.2360498393264656,-2.5846153233169034,2.9301223759239274,68
1880,075955.16+211242.6_922124_0.001,922124,922124,42 < L < 43,10.1193,7.21015086400114,5.768625308168286,7.736837755699695,-2.9091491359988613,2.3824622443003056,-4.350674691831715,-2.3824622443003056,2.9091491359988613,69
3568,145859.35+041613.8_922124_0.0003,922124,922124,42 < L < 43,10.1193,7.220931797924264,6.1079337420822695,7.779983429105506,-2.898368202075737,2.3393165708944945,-4.011366257917731,-2.3393165708944945,2.898368202075737,70
2170,082327.46+541350.4_592463_0.0001,592463,592463,42 < L < 43,10.3092,7.422633823670363,7.247835389958898,7.626755084976267,-2.8865661763296373,2.6824449150237335,-3.0613646100411023,-2.6824449150237335,2.8865661763296373,71
4259,160129.74+215700.3_922124_0.001,922124,922124,42 < L < 43,10.1193,7.232861774676747,6.711757035683679,7.583565191713923,-2.886438225323253,2.5357348082860773,-3.4075429643163218,-2.5357348082860773,2.886438225323253,72
2587,085854.49+514616.0_922124_0.003,922124,922124,42 < L < 43,10.1193,7.237346340934742,5.225848204724751,7.700075248724823,-2.8819536590652586,2.419224751275178,-4.89345179527525,-2.419224751275178,2.8819536590652586,73
2773,092014.12+453157.3_922124_0.001,922124,922124,42 < L < 43,10.1193,7.247951314078401,6.310602098894345,7.775116587754916,-2.8713486859216,2.344183412245085,-3.808697901105656,-2.344183412245085,2.8713486859216,74
3123,140152.79-022351.9_922124_0.003,922124,922124,42 < L < 43,10.1193,7.272414454415339,6.387207458627995,7.796805488308788,-2.8468855455846622,2.322494511691213,-3.7320925413720056,-2.322494511691213,2.8468855455846622,75
3473,145113.57+030341.0_922124_0.003,922124,922124,42 < L < 43,10.1193,7.28222266705356,5.978339199841631,7.7510001007749985,-2.837077332946441,2.3682998992250024,-4.1409608001583695,-2.3682998992250024,2.837077332946441,76
1737,074732.62+371722.9_922124_0.001,922124,922124,42 < L < 43,10.1193,7.291653824320507,6.683373169943717,7.661065492053839,-2.8276461756794937,2.4582345079461616,-3.4359268300562835,-2.4582345079461616,2.8276461756794937,77
4528,162058.08+420424.5_580679_0.0003,580679,580679,42 < L < 43,7.72995,4.930699681867575,4.14818303173816,6.628861412488092,-2.799250318132425,1.1010885875119074,-3.5817669682618396,-1.1010885875119074,2.799250318132425,78
2069,081501.84+525255.5_315709_0.001,315709,315709,42 < L < 43,9.08123,6.294878090903704,6.290496635084157,6.302206945880565,-2.786351909096296,2.7790230541194347,-2.790733364915843,-2.7790230541194347,2.786351909096296,79
4698,163533.45+293850.8_922124_0.003,922124,922124,42 < L < 43,10.1193,7.333975410244861,6.166935014797435,7.687210136610104,-2.78532458975514,2.432089863389897,-3.952364985202566,-2.432089863389897,2.78532458975514,80
2147,082053.76+513539.1_922124_0.003,922124,922124,42 < L < 43,10.1193,7.347430625133513,6.4726312871785145,7.790156600046711,-2.771869374866488,2.3291433999532907,-3.6466687128214867,-2.3291433999532907,2.771869374866488,81
4563,162343.13-003324.1_702761_0.001,702761,702761,42 < L < 43,9.31364,6.560077267403218,6.384854738816363,6.748351775082867,-2.753562732596781,2.5652882249171327,-2.928785261183637,-2.5652882249171327,2.753562732596781,82
1704,074524.97+375436.6_922124_0.003,922124,922124,42 < L < 43,10.1193,7.371973142638177,6.219996655765932,7.811903490361202,-2.7473268573618235,2.3073965096387985,-3.8993033442340685,-2.3073965096387985,2.7473268573618235,83
1397,021259.59-003029.4_922124_0.001,922124,922124,42 < L < 43,10.1193,7.411749688757311,6.841744209461689,7.728436738408666,-2.7075503112426897,2.3908632615913348,-3.2775557905383117,-2.3908632615913348,2.7075503112426897,84
3600,150243.09+111557.3_922124_0.001,922124,922124,42 < L < 43,10.1193,7.4167618089580625,6.953917612463165,7.778843521628287,-2.7025381910419384,2.3404564783717134,-3.1653823875368357,-2.3404564783717134,2.7025381910419384,85
2774,092014.12+453157.3_922124_0.003,922124,922124,42 < L < 43,10.1193,7.421227488323334,6.595582098315873,7.860235541149685,-2.698072511676667,2.2590644588503155,-3.523717901684128,-2.2590644588503155,2.698072511676667,86
2253,083005.60+531046.6_772577_0.001,772577,772577,42 < L < 43,10.6056,7.911818102588545,6.874627658154756,8.70649662853183,-2.693781897411456,1.8991033714681702,-3.730972341845245,-1.8991033714681702,2.693781897411456,87
1992,080742.08+165545.3_772577_0.001,772577,772577,42 < L < 43,10.6056,7.913453720459074,7.052388350202356,8.642213269726616,-2.6921462795409266,1.9633867302733847,-3.553211649797645,-1.9633867302733847,2.6921462795409266,88
4659,163308.28+403321.4_922124_0.003,922124,922124,42 < L < 43,10.1193,7.447764885609311,6.7877999186245495,7.819420280574969,-2.6715351143906902,2.299879719425032,-3.3315000813754514,-2.299879719425032,2.6715351143906902,89
2426,084310.79+395345.0_922124_0.001,922124,922124,42 < L < 43,10.1193,7.471212053152474,6.828016948334424,7.791014053002212,-2.648087946847527,2.328285946997789,-3.2912830516655767,-2.328285946997789,2.648087946847527,90
4929,171449.08+350647.6_922124_0.003,922124,922124,42 < L < 43,10.1193,7.499301300891405,6.361339542242873,7.864654070557404,-2.619998699108596,2.254645929442597,-3.7579604577571284,-2.254645929442597,2.619998699108596,91
1469,024259.00-001038.3_558594_0.003,558594,558594,42 < L < 43,10.6406,8.02742934056832,6.731160562812744,8.75161571435335,-2.6131706594316797,1.8889842856466488,-3.9094394371872556,-1.8889842856466488,2.6131706594316797,92
3347,143830.02+013106.9_558594_0.001,558594,558594,42 < L < 43,10.6406,8.036740887126058,5.973914905458795,8.78142677672036,-2.603859112873941,1.859173223279638,-4.666685094541204,-1.859173223279638,2.603859112873941,93
2053,081343.96+054636.8_869049_0.0003,869049,869049,42 < L < 43,10.8526,8.25187951310113,7.214825925825328,8.987195984844226,-2.6007204868988705,1.8654040151557751,-3.637774074174673,-1.8654040151557751,2.6007204868988705,94
4944,172104.74+592451.3_945627_0.0003,945627,945627,42 < L < 43,9.92763,7.3376853175242385,7.146142471523498,7.562544030656415,-2.589944682475762,2.3650859693435855,-2.781487528476503,-2.3650859693435855,2.589944682475762,95
4070,154723.55+400542.5_772577_0.0003,772577,772577,42 < L < 43,10.6056,8.033252713614267,6.981099965976439,9.0242407126221,-2.572347286385733,1.5813592873778997,-3.6245000340235616,-1.5813592873778997,2.572347286385733,96
2635,090226.34+243048.7_763682_0.003,763682,763682,42 < L < 43,10.8411,8.29175921546107,7.482397811699585,8.928948428892612,-2.54934078453893,1.9121515711073882,-3.358702188300416,-1.9121515711073882,2.54934078453893,97
4031,154453.48-021036.0_715818_0.003,715818,715818,42 < L < 43,9.83864,7.297823044647256,7.26260955502586,7.314908501317088,-2.540816955352744,2.5237314986829116,-2.5760304449741396,-2.5237314986829116,2.540816955352744,98
4275,160234.88+160041.1_558594_0.0003,558594,558594,42 < L < 43,10.6406,8.110629595731357,7.109916864971712,8.748322329566877,-2.529970404268642,1.8922776704331223,-3.530683135028287,-1.8922776704331223,2.529970404268642,99
2715,091159.23+330748.6_889497_0.003,889497,889497,42 < L < 43,10.307,7.778130988198693,7.771196738414473,7.782775053086547,-2.528869011801307,2.524224946913453,-2.535803261585526,-2.524224946913453,2.528869011801307,100
6956,093155.59+370547.7_922124_0.003,922124,922124,43 < L < 44,10.1193,5.306772020390577,3.7242973176904175,7.182724304187764,-4.812527979609424,2.9365756958122367,-6.395002682309583,-2.9365756958122367,4.812527979609424,1
7730,144707.71+153347.3_778171_0.003,778171,778171,43 < L < 44,9.99552,6.144485944717701,4.33191209746423,7.525147541002037,-3.8510340552823,2.4703724589979634,-5.663607902535771,-2.4703724589979634,3.8510340552823,2
8307,153044.08+231013.4_816466_0.0003,816466,816466,43 < L < 44,10.5435,6.899265891985266,6.782753185261217,7.152716096971308,-3.644234108014734,3.3907839030286917,-3.7607468147387833,-3.3907839030286917,3.644234108014734,3
7943,150324.54+162803.9_941379_0.001,941379,941379,43 < L < 44,10.8066,7.188812673702751,6.957305707221147,8.735456675047393,-3.6177873262972486,2.0711433249526063,-3.8492942927788523,-2.0711433249526063,3.6177873262972486,4
8170,152005.89-003803.5_922277_0.01,922277,922277,43 < L < 44,10.7506,7.200979005026101,6.382995227198572,7.6364731951231475,-3.5496209949739,3.1141268048768533,-4.367604772801428,-3.1141268048768533,3.5496209949739,5
6477,084634.30+313058.2_922277_0.01,922277,922277,43 < L < 44,10.7506,7.34751702593443,7.312573559803085,7.380713236574132,-3.403082974065571,3.3698867634258685,-3.438026440196915,-3.3698867634258685,3.403082974065571,6
9506,165818.38+331950.8_558594_0.001,558594,558594,43 < L < 44,10.6406,7.298326080482584,7.298203275995506,7.29845330017664,-3.3422739195174147,3.342146699823358,-3.3423967240044927,-3.342146699823358,3.3422739195174147,7
5262,033147.64+001343.1_779925_0.003,779925,779925,43 < L < 44,10.7562,7.446138583247248,7.360057902367993,7.727539350527093,-3.310061416752752,3.0286606494729074,-3.396142097632007,-3.0286606494729074,3.310061416752752,8
7197,110022.09+645812.9_465395_0.03,465395,465395,43 < L < 44,11.2525,7.984944284008296,7.711922315448212,8.183900553625294,-3.267555715991704,3.068599446374705,-3.5405776845517876,-3.068599446374705,3.267555715991704,9
7189,105815.57+644559.6_922124_0.003,922124,922124,43 < L < 44,10.1193,6.886947016672411,6.820377635444749,6.952955086619879,-3.2323529833275897,3.1663449133801223,-3.298922364555252,-3.1663449133801223,3.2323529833275897,10
8381,153644.90+141229.7_922277_0.01,922277,922277,43 < L < 44,10.7506,7.527377136568438,7.265197113608405,7.745856953877063,-3.2232228634315625,3.004743046122937,-3.4854028863915953,-3.004743046122937,3.2232228634315625,11
7873,145823.32+402602.2_869049_0.001,869049,869049,43 < L < 44,10.8526,7.633863872736033,7.633489054150531,7.634205360217524,-3.218736127263968,3.2183946397824768,-3.2191109458494696,-3.2183946397824768,3.218736127263968,12
6184,083245.99+370800.6_941379_0.001,941379,941379,43 < L < 44,10.8066,7.5989398148864815,7.562674876303279,7.639429907058374,-3.207660185113518,3.1671700929416255,-3.2439251236967204,-3.1671700929416255,3.207660185113518,13
8393,153715.93+241424.8_774308_0.001,774308,774308,43 < L < 44,10.8026,7.596017107734221,7.448530626703847,7.689923161689909,-3.206582892265778,3.1126768383100907,-3.3540693732961526,-3.1126768383100907,3.206582892265778,14
5859,081109.38+172928.9_922124_0.01,922124,922124,43 < L < 44,10.1193,6.928790780368381,6.89969374316349,6.9878298559217855,-3.19050921963162,3.1314701440782153,-3.219606256836511,-3.1314701440782153,3.19050921963162,15
6164,083152.12+144938.0_922124_0.01,922124,922124,43 < L < 44,10.1193,6.93521628178023,6.901943393006722,6.940628488529187,-3.184083718219771,3.1786715114708137,-3.2173566069932784,-3.1786715114708137,3.184083718219771,16
8185,152112.22+025347.6_922124_0.01,922124,922124,43 < L < 44,10.1193,6.95350528482783,6.723332915176494,7.086122010775031,-3.1657947151721717,3.03317798922497,-3.3959670848235075,-3.03317798922497,3.1657947151721717,17
6960,093227.32+652514.8_922277_0.03,922277,922277,43 < L < 44,10.7506,7.587251420218221,7.556921005497204,7.614869060400218,-3.163348579781779,3.1357309395997826,-3.193678994502797,-3.1357309395997826,3.163348579781779,18
6563,085343.83+341429.3_922277_0.01,922277,922277,43 < L < 44,10.7506,7.594314688526848,7.49355756962167,7.708026293243642,-3.1562853114731526,3.0425737067563583,-3.2570424303783305,-3.0425737067563583,3.1562853114731526,19
9397,164607.82+404718.9_763682_0.001,763682,763682,43 < L < 44,10.8411,7.710074809154064,7.639361604829485,7.752627002916452,-3.131025190845937,3.088472997083549,-3.201738395170516,-3.088472997083549,3.131025190845937,20
6637,085934.43+201006.3_922277_0.01,922277,922277,43 < L < 44,10.7506,7.62781785748852,6.431974859507323,8.20994137697146,-3.12278214251148,2.5406586230285386,-4.318625140492676,-2.5406586230285386,3.12278214251148,21
9302,163533.45+293850.8_922277_0.03,922277,922277,43 < L < 44,10.7506,7.636822905259866,7.579128978015584,7.714322446625781,-3.113777094740134,3.036277553374219,-3.171471021984416,-3.036277553374219,3.113777094740134,22
8297,152956.59+214239.9_922277_0.03,922277,922277,43 < L < 44,10.7506,7.644150664615108,7.257478689683936,8.232734974271752,-3.1064493353848928,2.5178650257282484,-3.4931213103160648,-2.5178650257282484,3.1064493353848928,23
9264,163315.05+315510.3_922277_0.01,922277,922277,43 < L < 44,10.7506,7.663190825518502,6.336072987934527,8.21051842882889,-3.0874091744814987,2.540081571171111,-4.414527012065474,-2.540081571171111,3.0874091744814987,24
7547,143223.80-014823.1_922277_0.01,922277,922277,43 < L < 44,10.7506,7.704308277661196,6.508410901668197,8.200614919610777,-3.046291722338804,2.5499850803892237,-4.242189098331804,-2.5499850803892237,3.046291722338804,25
8525,154530.23+484608.9_922124_0.001,922124,922124,43 < L < 44,10.1193,7.087357575995898,6.7510119573267495,7.224595220440809,-3.031942424004103,2.8947047795591923,-3.3682880426732513,-2.8947047795591923,3.031942424004103,26
8618,155246.13+354416.7_315911_0.01,315911,315911,43 < L < 44,8.88835,5.868971636740202,4.9018346579291,7.333173306234767,-3.019378363259799,1.555176693765234,-3.986515342070901,-1.555176693765234,3.019378363259799,27
5435,073949.63+434352.5_785305_0.001,785305,785305,43 < L < 44,10.7981,7.7917778669582205,7.620580856956032,7.914217933658213,-3.0063221330417798,2.8838820663417875,-3.1775191430439684,-2.8838820663417875,3.0063221330417798,28
7522,142951.53+234457.9_922277_0.01,922277,922277,43 < L < 44,10.7506,7.781171741576744,6.707502749903259,8.274863286423708,-2.9694282584232568,2.4757367135762927,-4.043097250096741,-2.4757367135762927,2.9694282584232568,29
9030,161618.84+460806.8_922277_0.01,922277,922277,43 < L < 44,10.7506,7.791029460998375,6.963770861048376,8.285977391686027,-2.959570539001625,2.464622608313973,-3.7868291389516235,-2.464622608313973,2.959570539001625,30
7303,135750.76-011022.0_852484_0.01,852484,852484,43 < L < 44,10.3365,7.379742673378214,7.30821774579833,7.451395666149104,-2.9567573266217853,2.8851043338508955,-3.0282822542016694,-2.8851043338508955,2.9567573266217853,31
7395,141535.46+022338.7_962307_0.01,962307,962307,43 < L < 44,9.69959,6.747635079571968,6.58889505744004,6.923289526745089,-2.951954920428033,2.7763004732549126,-3.1106949425599613,-2.7763004732549126,2.951954920428033,32
7724,144649.78+283424.4_683566_0.01,683566,683566,43 < L < 44,10.9,7.964494732407727,7.964399601906318,7.964557968181068,-2.9355052675922737,2.9354420318189325,-2.9356003980936825,-2.9354420318189325,2.9355052675922737,33
6112,082926.34+565639.2_592463_0.001,592463,592463,43 < L < 44,10.3092,7.388723110053847,7.364557187601501,7.42340190649078,-2.920476889946154,2.8857980935092202,-2.9446428123984996,-2.8857980935092202,2.920476889946154,34
8820,160345.75+481458.3_922277_0.01,922277,922277,43 < L < 44,10.7506,7.857951715846029,6.66159324917061,8.462563047367098,-2.892648284153971,2.2880369526329014,-4.089006750829389,-2.2880369526329014,2.892648284153971,35
9382,164448.68+253548.1_922277_0.01,922277,922277,43 < L < 44,10.7506,7.916177829791957,6.8521281487805465,8.391743035382644,-2.834422170208043,2.358856964617356,-3.898471851219454,-2.358856964617356,2.834422170208043,36
8582,154951.89+265145.7_869049_0.0003,869049,869049,43 < L < 44,10.8526,8.028177918265087,7.602724398117006,8.478291900617869,-2.824422081734914,2.374308099382132,-3.2498756018829944,-2.374308099382132,2.824422081734914,37
7527,143002.72+184909.9_922277_0.03,922277,922277,43 < L < 44,10.7506,7.942142879219766,6.930320717121343,8.448471544327624,-2.8084571207802345,2.302128455672376,-3.8202792828786576,-2.302128455672376,2.8084571207802345,38
6296,083809.22+422750.2_580679_0.0003,580679,580679,43 < L < 44,7.72995,4.934125602715016,4.57347268387479,6.612809252168275,-2.795824397284984,1.1171407478317255,-3.15647731612521,-1.1171407478317255,2.795824397284984,39
8010,150908.97+385409.1_922277_0.03,922277,922277,43 < L < 44,10.7506,7.960890363143211,7.256704947708788,8.489957678910029,-2.7897096368567897,2.2606423210899713,-3.4938950522912124,-2.2606423210899713,2.7897096368567897,40
7580,143503.06+230300.9_852484_0.03,852484,852484,43 < L < 44,10.3365,7.553205948537487,7.39023027862806,7.941658719526012,-2.783294051462512,2.3948412804739867,-2.946269721371939,-2.3948412804739867,2.783294051462512,41
7939,150321.36+233059.9_922124_0.003,922124,922124,43 < L < 44,10.1193,7.384499802517147,6.488276480649905,7.833946019226616,-2.734800197482854,2.285353980773385,-3.631023519350096,-2.285353980773385,2.734800197482854,42
8770,160129.74+215700.3_922277_0.03,922277,922277,43 < L < 44,10.7506,8.028268570594427,7.185222974948214,8.58244044371285,-2.722331429405573,2.1681595562871507,-3.565377025051786,-2.1681595562871507,2.722331429405573,43
8038,151038.43+191926.5_941379_0.003,941379,941379,43 < L < 44,10.8066,8.085520479041548,8.046475428568018,8.12304774565695,-2.721079520958451,2.6835522543430503,-2.760124571431982,-2.6835522543430503,2.721079520958451,44
9575,171049.66+223303.9_922124_0.003,922124,922124,43 < L < 44,10.1193,7.40105789448932,6.414485027834846,7.841256182090589,-2.718242105510681,2.2780438179094116,-3.7048149721651544,-2.2780438179094116,2.718242105510681,45
6692,090306.17+400228.7_677469_0.001,677469,677469,43 < L < 44,10.6483,7.946188388904837,7.902470025971962,7.967533074295774,-2.702111611095164,2.6807669257042264,-2.745829974028039,-2.6807669257042264,2.702111611095164,46
5618,075228.65+405931.7_241745_0.01,241745,241745,43 < L < 44,10.0895,7.388916498689001,7.379891797627303,7.398985325101235,-2.700583501310998,2.690514674898764,-2.7096082023726966,-2.690514674898764,2.700583501310998,47
8380,153644.90+141229.7_922124_0.003,922124,922124,43 < L < 44,10.1193,7.445313598901454,6.861645292291601,7.920487526342912,-2.6739864010985466,2.198812473657089,-3.2576547077084,-2.198812473657089,2.6739864010985466,48
7190,105815.57+644559.6_922124_0.01,922124,922124,43 < L < 44,10.1193,7.447686365488281,7.364611189003071,7.544808870442261,-2.6716136345117203,2.5744911295577397,-2.75468881099693,-2.5744911295577397,2.6716136345117203,49
6181,083232.38+492348.2_824536_0.01,824536,824536,43 < L < 44,10.2405,7.607441498940723,7.543680816572208,7.686113880019226,-2.6330585010592777,2.5543861199807747,-2.6968191834277926,-2.5543861199807747,2.6330585010592777,50
9393,164551.85+405235.3_869049_0.003,869049,869049,43 < L < 44,10.8526,8.221390781720633,7.129819852184397,8.86963323201308,-2.631209218279368,1.9829667679869214,-3.7227801478156035,-1.9829667679869214,2.631209218279368,51
5610,075210.78+345710.6_922124_0.01,922124,922124,43 < L < 44,10.1193,7.499576867492861,6.68429648755123,7.901363005706642,-2.61972313250714,2.2179369942933587,-3.4350035124487706,-2.2179369942933587,2.61972313250714,52
9356,164145.28+273622.8_869049_0.003,869049,869049,43 < L < 44,10.8526,8.236975731034555,7.090491693339656,8.937779310138334,-2.615624268965446,1.914820689861667,-3.7621083066603447,-1.914820689861667,2.615624268965446,53
6387,084231.87+375722.0_869049_0.003,869049,869049,43 < L < 44,10.8526,8.240272176033368,7.141159755655995,8.937841054852461,-2.6123278239666323,1.9147589451475397,-3.711440244344006,-1.9147589451475397,2.6123278239666323,54
9301,163533.45+293850.8_922124_0.01,922124,922124,43 < L < 44,10.1193,7.5139090429036255,6.572831746706196,8.072002738599432,-2.605390957096376,2.0472972614005696,-3.546468253293805,-2.0472972614005696,2.605390957096376,55
7914,150118.32+155623.0_762265_0.03,762265,762265,43 < L < 44,8.65497,6.0563512184589,-1.5570873185830043,7.663641064604026,-2.5986187815411004,0.9913289353959742,-10.212057318583005,-0.9913289353959742,2.5986187815411004,56
6588,085536.95+465245.2_509356_0.001,509356,509356,43 < L < 44,10.5585,7.96599496749527,7.942862466651956,7.986285846919458,-2.5925050325047305,2.5722141530805427,-2.6156375333480444,-2.5722141530805427,2.5925050325047305,57
7415,141842.67+222554.5_793550_0.001,793550,793550,43 < L < 44,9.6926,7.101984217027033,7.090951206475081,7.123444374643218,-2.590615782972968,2.5691556253567827,-2.6016487935249195,-2.5691556253567827,2.590615782972968,58
7354,140918.18+014217.4_869049_0.003,869049,869049,43 < L < 44,10.8526,8.272117275155608,7.300926117143311,8.898388380894918,-2.5804827248443925,1.9542116191050827,-3.55167388285669,-1.9542116191050827,2.5804827248443925,59
5236,032128.86-060431.1_945627_0.003,945627,945627,43 < L < 44,9.92763,7.355422685375643,7.249828683851637,7.591585873691492,-2.5722073146243574,2.3360441263085088,-2.677801316148364,-2.3360441263085088,2.5722073146243574,60
5023,022221.33-003542.1_763682_0.003,763682,763682,43 < L < 44,10.8411,8.271093204381224,7.086366756463702,8.849357693258444,-2.5700067956187773,1.991742306741557,-3.7547332435362986,-1.991742306741557,2.5700067956187773,61
5178,030542.48-074321.8_464798_0.001,464798,464798,43 < L < 44,9.80662,7.244508684645158,6.959969896690095,7.339365166787254,-2.5621113153548425,2.4672548332127464,-2.846650103309906,-2.4672548332127464,2.5621113153548425,62
9603,171952.21+541129.8_869049_0.001,869049,869049,43 < L < 44,10.8526,8.290525476656525,7.438859286012421,8.950497871719797,-2.562074523343476,1.9021021282802035,-3.41374071398758,-1.9021021282802035,2.562074523343476,63
7192,110022.09+645812.9_274242_0.03,274242,274242,43 < L < 44,10.8961,8.343420859919526,7.444163646151567,8.993704445610044,-2.5526791400804747,1.9023955543899564,-3.451936353848434,-1.9023955543899564,2.5526791400804747,64
6923,092622.53+460858.2_464798_0.003,464798,464798,43 < L < 44,9.80662,7.267653089759287,6.679566981869942,7.650030976166491,-2.5389669102407133,2.1565890238335097,-3.1270530181300584,-2.1565890238335097,2.5389669102407133,65
9421,164822.16+210925.6_869049_0.003,869049,869049,43 < L < 44,10.8526,8.316603374929324,7.22996102606073,8.951232053934818,-2.535996625070677,1.9013679460651822,-3.622638973939271,-1.9013679460651822,2.535996625070677,66
5487,074528.93+294824.4_922124_0.01,922124,922124,43 < L < 44,10.1193,7.589205263518088,6.832855500236591,8.073890263640791,-2.530094736481913,2.0454097363592094,-3.2864444997634097,-2.0454097363592094,2.530094736481913,67
8414,153841.20+311747.4_941379_0.001,941379,941379,43 < L < 44,10.8066,8.278806952181586,7.121043463675095,8.952348113579548,-2.527793047818413,1.8542518864204514,-3.6855565363249045,-1.8542518864204514,2.527793047818413,68
8842,160530.30+411359.2_852484_0.03,852484,852484,43 < L < 44,10.3365,7.814118796061166,6.061525708630143,8.511084493882112,-2.522381203938833,1.8254155061178867,-4.2749742913698565,-1.8254155061178867,2.522381203938833,69
5388,073233.53+460847.9_869049_0.001,869049,869049,43 < L < 44,10.8526,8.333865479575461,7.309906161449151,8.883226384961358,-2.5187345204245397,1.9693736150386436,-3.5426938385508504,-1.9693736150386436,2.5187345204245397,70
7324,140302.89+061331.3_941379_0.003,941379,941379,43 < L < 44,10.8066,8.292246606113713,7.033481812022473,9.008643830559873,-2.514353393886287,1.797956169440127,-3.773118187977526,-1.797956169440127,2.514353393886287,71
8472,154255.04+192310.3_772394_0.01,772394,772394,43 < L < 44,10.2862,7.774841016192008,7.747277471894179,7.790082971783855,-2.511358983807991,2.496117028216144,-2.53892252810582,-2.496117028216144,2.511358983807991,72
8031,151006.75+034908.8_763682_0.0003,763682,763682,43 < L < 44,10.8411,8.331976411998957,7.675479049713949,8.936288571077766,-2.509123588001044,1.904811428922235,-3.165620950286052,-1.904811428922235,2.509123588001044,73
6042,082352.90+203700.7_774637_0.003,774637,774637,43 < L < 44,10.1522,7.649639374999108,7.167055603285322,8.106005974615387,-2.5025606250008927,2.0461940253846134,-2.985144396714679,-2.0461940253846134,2.5025606250008927,74
5057,022947.12-005332.4_558594_0.01,558594,558594,43 < L < 44,10.6406,8.138185114996556,7.114462451356403,8.744077885253668,-2.502414885003443,1.8965221147463307,-3.5261375486435957,-1.8965221147463307,2.502414885003443,75
5715,075959.93+401746.0_558594_0.003,558594,558594,43 < L < 44,10.6406,8.138512158391393,7.316645625125895,8.736460577927636,-2.5020878416086063,1.9041394220723635,-3.323954374874104,-1.9041394220723635,2.5020878416086063,76
8237,152614.95+115113.1_922124_0.01,922124,922124,43 < L < 44,10.1193,7.618634682730347,7.241398241925973,7.9755431947076785,-2.500665317269654,2.1437568052923224,-2.877901758074028,-2.1437568052923224,2.500665317269654,77
7815,145432.21+181932.5_941379_0.001,941379,941379,43 < L < 44,10.8066,8.30669470134514,7.529974237452441,8.86432251850055,-2.499905298654859,1.942277481499449,-3.2766257625475586,-1.942277481499449,2.499905298654859,78
6478,084634.30+313058.2_922277_0.03,922277,922277,43 < L < 44,10.7506,8.253231138441436,7.037597350925094,8.70368268941204,-2.4973688615585647,2.0469173105879612,-3.713002649074906,-2.0469173105879612,2.4973688615585647,79
5523,074814.87+214757.1_869049_0.001,869049,869049,43 < L < 44,10.8526,8.358562916476654,7.382465429129114,8.996262848270876,-2.494037083523347,1.8563371517291252,-3.4701345708708864,-1.8563371517291252,2.494037083523347,80
5802,080718.99+140524.7_922277_0.03,922277,922277,43 < L < 44,10.7506,8.258830713435621,7.690041736314029,8.687212404347916,-2.491769286564379,2.0633875956520846,-3.060558263685971,-2.0633875956520846,2.491769286564379,81
7721,144647.22+320949.2_558594_0.001,558594,558594,43 < L < 44,10.6406,8.14959732476868,6.933783857292479,8.795159662927261,-2.49100267523132,1.8454403370727381,-3.706816142707521,-1.8454403370727381,2.49100267523132,82
9363,164209.56+213352.8_816466_0.003,816466,816466,43 < L < 44,10.5435,8.052732223005666,8.041024295658211,8.064851319708557,-2.4907677769943337,2.4786486802914425,-2.502475704341789,-2.4786486802914425,2.4907677769943337,83
8983,161317.21+120843.0_869049_0.003,869049,869049,43 < L < 44,10.8526,8.362428435524125,7.415944955985145,8.97917116492901,-2.490171564475876,1.8734288350709907,-3.4366550440148558,-1.8734288350709907,2.490171564475876,84
9188,162827.98+315927.4_763682_0.001,763682,763682,43 < L < 44,10.8411,8.36049787444303,7.633480664811878,8.86947159185618,-2.4806021255569703,1.97162840814382,-3.207619335188123,-1.97162840814382,2.4806021255569703,85
6829,091542.49+563941.4_869049_0.001,869049,869049,43 < L < 44,10.8526,8.373500201406618,7.649360198173738,8.867245864264094,-2.479099798593383,1.985354135735907,-3.203239801826263,-1.985354135735907,2.479099798593383,86
7793,145314.49+261632.8_869049_0.001,869049,869049,43 < L < 44,10.8526,8.377203734972257,7.594041616384305,8.940510090734625,-2.475396265027744,1.9120899092653763,-3.258558383615696,-1.9120899092653763,2.475396265027744,87
7218,110022.09+645812.9_889497_0.01,889497,889497,43 < L < 44,10.307,7.831967533183096,6.960259675834966,8.476070413941367,-2.475032466816905,1.8309295860586339,-3.346740324165034,-1.8309295860586339,2.475032466816905,88
6093,082756.95+114431.3_241745_0.01,241745,241745,43 < L < 44,10.0895,7.616503935640413,7.583626158336101,7.653945892890616,-2.4729960643595863,2.4355541071093834,-2.505873841663898,-2.4355541071093834,2.4729960643595863,89
8361,153458.50+024214.0_922124_0.03,922124,922124,43 < L < 44,10.1193,7.64737564629174,7.061624947434891,8.245771938927117,-2.4719243537082605,1.873528061072884,-3.05767505256511,-1.873528061072884,2.4719243537082605,90
8668,155537.37+220413.4_763682_0.001,763682,763682,43 < L < 44,10.8411,8.370055762813557,7.453309396866169,8.94992937977227,-2.471044237186444,1.8911706202277312,-3.3877906031338316,-1.8911706202277312,2.471044237186444,91
5183,030657.64+000610.7_945627_0.01,945627,945627,43 < L < 44,9.92763,7.465386483287679,7.439339931068292,7.507749516226037,-2.462243516712322,2.419880483773964,-2.4882900689317085,-2.419880483773964,2.462243516712322,92
9267,163322.25+135308.8_763682_0.003,763682,763682,43 < L < 44,10.8411,8.381243313203267,7.520319983507028,8.90322493365158,-2.459856686796733,1.9378750663484197,-3.320780016492973,-1.9378750663484197,2.459856686796733,93
8843,160530.30+411359.2_922124_0.01,922124,922124,43 < L < 44,10.1193,7.661604943051048,7.190755828115537,7.964049721760638,-2.4576950569489533,2.1552502782393628,-2.9285441718844636,-2.1552502782393628,2.4576950569489533,94
7736,144738.82+253107.6_763682_0.001,763682,763682,43 < L < 44,10.8411,8.385743794495003,7.517711766994149,8.952605419571478,-2.455356205504998,1.8884945804285227,-3.3233882330058515,-1.8884945804285227,2.455356205504998,95
7280,135128.32+010338.6_941379_0.0003,941379,941379,43 < L < 44,10.8066,8.366191927656352,7.364178542331766,8.945396627478615,-2.440408072343647,1.8612033725213841,-3.4424214576682335,-1.8612033725213841,2.440408072343647,96
5766,080404.40+112119.5_941379_0.001,941379,941379,43 < L < 44,10.8066,8.366499557377232,7.432560079552388,8.915026546240291,-2.440100442622768,1.8915734537597082,-3.3740399204476113,-1.8915734537597082,2.440100442622768,97
8002,150843.90+121544.5_869049_0.0003,869049,869049,43 < L < 44,10.8526,8.41339024032746,7.650283999399911,9.057786787642469,-2.43920975967254,1.794813212357532,-3.2023160006000895,-1.794813212357532,2.43920975967254,98
9631,172801.05+591049.8_941379_0.001,941379,941379,43 < L < 44,10.8066,8.368327369106016,7.61138252338201,8.930449338281274,-2.438272630893984,1.8761506617187256,-3.1952174766179904,-1.8761506617187256,2.438272630893984,99
7409,141741.14+223527.7_763682_0.001,763682,763682,43 < L < 44,10.8411,8.403205838374454,7.509718054681111,8.890175108967318,-2.4378941616255467,1.9509248910326829,-3.33138194531889,-1.9509248910326829,2.4378941616255467,100
13499,162245.56+505924.8_776625_0.03,776625,776625,44 < L < 45,10.0672,6.378077752681127,5.607963578766145,7.617951676252633,-3.689122247318873,2.4492483237473675,-4.4592364212338556,-2.4492483237473675,3.689122247318873,1
11755,103951.49+643004.2_922277_0.1,922277,922277,44 < L < 45,10.7506,7.582516163567476,7.56038552537766,7.621468436791001,-3.1680838364325243,3.1291315632089995,-3.1902144746223406,-3.1291315632089995,3.1680838364325243,2
13819,170811.61+244313.3_259971_1,259971,259971,44 < L < 45,7.64749,10.77686809516788,9.652135487256809,11.171708472440608,3.129378095167879,2.0046454872568082,2.0046454872568082,3.524218472440608,3.129378095167879,3
13830,171013.28+222846.3_426913_0.03,426913,426913,44 < L < 45,10.7453,7.639495911999226,7.386334331894972,7.943414564751186,-3.105804088000774,2.8018854352488134,-3.3589656681050277,-2.8018854352488134,3.105804088000774,4
10586,081250.86+360039.9_659714_0.3,659714,659714,44 < L < 45,11.1587,8.126553327457785,7.733895282789183,8.374341852459604,-3.032146672542215,2.784358147540395,-3.424804717210817,-2.784358147540395,3.032146672542215,5
11977,142213.27+022415.2_941379_0.01,941379,941379,44 < L < 45,10.8066,7.801264610083547,7.704410562439024,7.910595967019388,-3.0053353899164525,2.8960040329806116,-3.102189437560976,-2.8960040329806116,3.0053353899164525,6
12111,143819.99+075603.7_763682_0.03,763682,763682,44 < L < 45,10.8411,7.841072349302052,7.662164664543114,8.045626510801071,-3.000027650697949,2.7954734891989297,-3.1789353354568872,-2.7954734891989297,3.000027650697949,7
11318,090224.99+224118.2_869049_0.03,869049,869049,44 < L < 45,10.8526,7.884509459246366,7.880724807588983,7.888151404271334,-2.968090540753635,2.9644485957286664,-2.9718751924110176,-2.9644485957286664,2.968090540753635,8
11010,084107.84+342858.4_763682_0.1,763682,763682,44 < L < 45,10.8411,7.901240737981278,7.402855061605448,8.286868826631272,-2.9398592620187225,2.554231173368729,-3.4382449383945533,-2.554231173368729,2.9398592620187225,9
9712,022221.33-003542.1_839016_0.03,839016,839016,44 < L < 45,11.1199,8.183385683306216,7.696773379695803,8.440455264581882,-2.936514316693783,2.6794447354181177,-3.4231266203041963,-2.6794447354181177,2.936514316693783,10
13805,170347.02+385352.7_778793_0.1,778793,778793,44 < L < 45,11.3,8.384563378991135,7.61641299199086,8.789815394253722,-2.9154366210088654,2.5101846057462787,-3.683587008009141,-2.5101846057462787,2.9154366210088654,11
11465,091919.19+620041.4_865830_0.03,865830,865830,44 < L < 45,10.4638,7.548513116068202,5.127018064329931,8.25714301005342,-2.915286883931799,2.2066569899465804,-5.33678193567007,-2.2066569899465804,2.915286883931799,12
12353,145816.37+222624.5_413098_0.03,413098,413098,44 < L < 45,11.2573,8.457322318008261,8.457190738654715,8.457474349328754,-2.79997768199174,2.7998256506712473,-2.8001092613452863,-2.7998256506712473,2.79997768199174,13
12308,145535.46+185900.5_558594_0.003,558594,558594,44 < L < 45,10.6406,7.894477030706298,7.89078614367222,7.905357968519433,-2.746122969293701,2.735242031480566,-2.749813856327779,-2.735242031480566,2.746122969293701,14
11611,094045.09+445504.3_268090_0.3,268090,268090,44 < L < 45,10.85,8.120097714769773,8.11119281449833,8.141603862793396,-2.729902285230226,2.708396137206604,-2.7388071855016705,-2.708396137206604,2.729902285230226,15
12182,144403.97+300424.2_774308_0.01,774308,774308,44 < L < 45,10.8026,8.07417603438676,8.057678629930138,8.095395028955187,-2.7284239656132403,2.7072049710448134,-2.7449213700698625,-2.7072049710448134,2.7284239656132403,16
13476,162102.07+280540.6_340092_0.03,340092,340092,44 < L < 45,10.9441,8.217099509624312,8.203526497544122,8.270242426708123,-2.727000490375689,2.673857573291878,-2.740573502455879,-2.673857573291878,2.727000490375689,17
12837,153940.73+350219.0_941379_0.01,941379,941379,44 < L < 45,10.8066,8.12237218265356,7.681520368155813,9.033652616370205,-2.68422781734644,1.7729473836297953,-3.1250796318441867,-1.7729473836297953,2.68422781734644,18
11413,091201.55+421150.1_762255_0.1,762255,762255,44 < L < 45,11.0517,8.373333751374025,8.369243102038043,8.378230969297084,-2.6783662486259754,2.6734690307029165,-2.6824568979619574,-2.6734690307029165,2.6783662486259754,19
10965,083832.38+073930.3_778793_0.3,778793,778793,44 < L < 45,11.3,8.637226304186099,8.566306172677805,8.710469676398137,-2.662773695813902,2.5895303236018634,-2.7336938273221953,-2.5895303236018634,2.662773695813902,20
12896,154442.54+121550.3_852484_0.03,852484,852484,44 < L < 45,10.3365,7.677775817671546,7.514023594999403,7.836632187524894,-2.658724182328453,2.499867812475105,-2.8224764050005957,-2.499867812475105,2.658724182328453,21
11039,084217.12+445115.8_869049_0.01,869049,869049,44 < L < 45,10.8526,8.19966087012496,7.508789708414877,9.07616451446446,-2.6529391298750404,1.77643548553554,-3.3438102915851236,-1.77643548553554,2.6529391298750404,22
13731,164925.89+303529.8_865830_0.01,865830,865830,44 < L < 45,10.4638,7.821555139259829,7.596799953622209,7.981335937398115,-2.6422448607401723,2.4824640626018857,-2.8670000463777923,-2.4824640626018857,2.6422448607401723,23
10709,082053.76+513539.1_442556_0.3,442556,442556,44 < L < 45,10.9041,8.272819688293726,7.397124812793232,8.91704768530683,-2.631280311706273,1.9870523146931691,-3.5069751872067676,-1.9870523146931691,2.631280311706273,24
12768,153437.97+185509.7_785305_0.03,785305,785305,44 < L < 45,10.7981,8.168437317284589,8.085771743028925,8.235231824870645,-2.629662682715411,2.5628681751293545,-2.712328256971075,-2.5628681751293545,2.629662682715411,25
11561,093205.73+575406.2_869049_0.03,869049,869049,44 < L < 45,10.8526,8.226243358069928,8.219579681013881,8.236624118069857,-2.626356641930073,2.6159758819301437,-2.6330203189861194,-2.6159758819301437,2.626356641930073,26
11686,095750.03+530104.7_791514_0.3,791514,791514,44 < L < 45,10.75,8.149963957738457,7.31446478135546,8.524694236193405,-2.600036042261543,2.2253057638065954,-3.4355352186445396,-2.2253057638065954,2.600036042261543,27
11765,110022.09+645812.9_465395_0.3,465395,465395,44 < L < 45,11.2525,8.661445886474922,7.614551082482608,9.388622309333888,-2.591054113525077,1.8638776906661114,-3.6379489175173916,-1.8638776906661114,2.591054113525077,28
11659,094940.41+625647.6_645886_0.03,645886,645886,44 < L < 45,10.5371,7.978470826108914,7.959823013647846,8.086090399354166,-2.5586291738910862,2.4510096006458344,-2.577276986352155,-2.4510096006458344,2.5586291738910862,29
13000,155043.59+112047.4_469913_0.03,469913,469913,44 < L < 45,10.1736,7.625128442357901,7.422923808160314,8.287648638538055,-2.5484715576421,1.8859513614619456,-2.750676191839687,-1.8859513614619456,2.5484715576421,30
10594,081328.58+444514.8_765830_0.3,765830,765830,44 < L < 45,11.0943,8.558818900245551,7.37617827031065,9.259514507101516,-2.535481099754449,1.8347854928984848,-3.7181217296893507,-1.8347854928984848,2.535481099754449,31
10693,081949.61+264109.6_765830_0.3,765830,765830,44 < L < 45,11.0943,8.560331775631191,7.620605593494947,9.313094689396484,-2.533968224368809,1.7812053106035157,-3.4736944065050532,-1.7812053106035157,2.533968224368809,32
13122,155650.41+394542.8_700703_0.003,700703,700703,44 < L < 45,10.099,7.577186779636096,7.565090504722745,7.612131559153781,-2.521813220363904,2.4868684408462194,-2.533909495277255,-2.4868684408462194,2.521813220363904,33
13769,165658.00+252519.8_777031_0.3,777031,777031,44 < L < 45,7.91083,10.41335380445679,10.25081832306927,10.525971210621307,2.50252380445679,2.33998832306927,2.33998832306927,2.6151412106213074,2.50252380445679,34
10634,081525.93+363515.0_872296_0.03,872296,872296,44 < L < 45,10.8201,8.329059555713867,8.279591377348748,8.396447910283255,-2.491040444286133,2.423652089716745,-2.5405086226512523,-2.423652089716745,2.491040444286133,35
12933,154719.93+235912.8_412242_0.03,412242,412242,44 < L < 45,10.8135,8.332708936442426,8.316508305270327,8.365836847204728,-2.4807910635575734,2.447663152795272,-2.4969916947296724,-2.447663152795272,2.4807910635575734,36
12978,154915.71+425936.8_881981_0.01,881981,881981,44 < L < 45,10.5285,8.068371604110506,8.047842907316937,8.099621066215299,-2.460128395889493,2.4288789337847003,-2.480657092683062,-2.4288789337847003,2.460128395889493,37
11341,090440.34+213720.6_865830_0.1,865830,865830,44 < L < 45,10.4638,8.010194858314495,7.596901849448578,8.365948364948357,-2.4536051416855056,2.0978516350516436,-2.866898150551423,-2.0978516350516436,2.4536051416855056,38
11704,100542.28+682407.9_869049_0.01,869049,869049,44 < L < 45,10.8526,8.411189920280435,7.490302765899233,9.089698614671905,-2.441410079719565,1.7629013853280955,-3.3622972341007675,-1.7629013853280955,2.441410079719565,39
12082,143447.99+155948.0_347949_0.01,347949,347949,44 < L < 45,10.7831,8.344813434555087,7.354333600982796,9.642363768739328,-2.438286565444912,1.1407362312606715,-3.428766399017203,-1.1407362312606715,2.438286565444912,40
13223,160224.86+024220.6_816466_0.01,816466,816466,44 < L < 45,10.5435,8.106018950979252,7.055512496524515,8.744514026918868,-2.4374810490207484,1.7989859730811322,-3.487987503475485,-1.7989859730811322,2.4374810490207484,41
11767,110022.09+645812.9_546739_0.1,546739,546739,44 < L < 45,11.15,8.719401032103669,7.810717071556571,9.30843405937695,-2.430598967896332,1.8415659406230507,-3.3392829284434296,-1.8415659406230507,2.430598967896332,42
10033,034601.93-070024.2_424624_0.03,424624,424624,44 < L < 45,10.2488,7.820019357101166,7.781688691467882,7.859924866417539,-2.428780642898833,2.38887513358246,-2.467111308532117,-2.38887513358246,2.428780642898833,43
9882,030227.42-071940.7_922277_0.1,922277,922277,44 < L < 45,10.7506,8.32865108274657,7.578091242341448,8.924141653147398,-2.421948917253431,1.8264583468526023,-3.1725087576585524,-1.8264583468526023,2.421948917253431,44
10125,073802.36+383116.3_883164_0.003,883164,883164,44 < L < 45,10.5068,8.093938089221147,8.080616692332176,8.113996953609185,-2.4128619107788527,2.3928030463908154,-2.4261833076678236,-2.3928030463908154,2.4128619107788527,45
11768,110022.09+645812.9_546739_0.3,546739,546739,44 < L < 45,11.15,8.748714675809182,7.896755154261323,9.535958122014526,-2.401285324190818,1.6140418779854748,-3.253244845738678,-1.6140418779854748,2.401285324190818,46
13626,163547.75+262415.8_305522_0.03,305522,305522,44 < L < 45,10.45,8.067278959488519,8.06698409402697,8.067995094559464,-2.3827210405114805,2.3820049054405352,-2.3830159059730285,-2.3820049054405352,2.3827210405114805,47
13872,172508.82+583759.0_922277_0.1,922277,922277,44 < L < 45,10.7506,8.370276263436715,7.6084396974437,8.876911137666141,-2.3803237365632857,1.873688862333859,-3.1421603025563005,-1.873688862333859,2.3803237365632857,48
13868,172506.53+560724.7_832342_0.1,832342,832342,44 < L < 45,10.688,8.310093936078385,7.914605039613282,8.596112043316513,-2.377906063921616,2.091887956683488,-2.7733949603867183,-2.091887956683488,2.377906063921616,49
12362,145907.47+114300.0_383717_0.01,383717,383717,44 < L < 45,10.3623,7.998907277688247,7.765635362633066,8.391917076256462,-2.363392722311753,1.9703829237435375,-2.596664637366933,-1.9703829237435375,2.363392722311753,50
13405,161456.18+413055.8_953938_1,953938,953938,44 < L < 45,8.32376,10.680546030209404,10.507604270291138,10.873038551196156,2.3567860302094026,2.183844270291136,2.183844270291136,2.5492785511961547,2.3567860302094026,51
11313,090212.41+592415.8_941379_0.03,941379,941379,44 < L < 45,10.8066,8.451367003896628,7.547812797689361,9.226192804557568,-2.355232996103372,1.5804071954424317,-3.258787202310639,-1.5804071954424317,2.355232996103372,52
12940,154741.88+343357.3_869049_0.003,869049,869049,44 < L < 45,10.8526,8.506844954686507,7.750648642092842,9.03343820007456,-2.345755045313494,1.8191617999254408,-3.1019513579071587,-1.8191617999254408,2.345755045313494,53
13702,164551.85+405235.3_869049_0.01,869049,869049,44 < L < 45,10.8526,8.51492695482629,7.6969728147742416,9.086083882785342,-2.3376730451737107,1.7665161172146586,-3.155627185225759,-1.7665161172146586,2.3376730451737107,54
11421,091325.90+300449.2_774637_0.01,774637,774637,44 < L < 45,10.1522,7.819056740945935,7.626229461352759,7.941983892318134,-2.333143259054065,2.210216107681866,-2.5259705386472406,-2.210216107681866,2.333143259054065,55
13449,161852.25+233411.1_775044_0.03,775044,775044,44 < L < 45,10.2103,7.877672305231922,7.876540585858822,7.881002766607427,-2.332627694768078,2.329297233392573,-2.333759414141178,-2.329297233392573,2.332627694768078,56
10338,075318.67+264045.3_824536_0.03,824536,824536,44 < L < 45,10.2405,7.931000229602017,7.847592889625307,8.051568987237749,-2.3094997703979843,2.188931012762252,-2.3929071103746935,-2.188931012762252,2.3094997703979843,57
9876,030214.27-072021.0_778171_0.03,778171,778171,44 < L < 45,9.99552,7.695684740371243,7.624632752764421,7.749671213998637,-2.299835259628757,2.2458487860013636,-2.3708872472355798,-2.2458487860013636,2.299835259628757,58
13261,160456.14-001907.1_688164_0.001,688164,688164,44 < L < 45,10.0911,7.797916127831233,7.797734419722887,7.798057873254335,-2.2931838721687683,2.293042126745666,-2.293365580277114,-2.293042126745666,2.2931838721687683,59
13006,155051.27+091601.3_892201_0.01,892201,892201,44 < L < 45,10.3013,8.01208125962615,7.676696948576136,8.578636085186321,-2.2892187403738493,1.722663914813678,-2.624603051423864,-1.722663914813678,2.2892187403738493,60
10684,081909.89+031904.2_869049_0.03,869049,869049,44 < L < 45,10.8526,8.565720870586789,7.727822503406175,9.244263716103308,-2.286879129413212,1.6083362838966928,-3.124777496593826,-1.6083362838966928,2.286879129413212,61
12936,154735.22+361325.9_342153_0.1,342153,342153,44 < L < 45,10.0791,7.792458948902707,7.402119677497563,8.174861342509336,-2.286641051097293,1.904238657490664,-2.6769803225024376,-1.904238657490664,2.286641051097293,62
12545,151453.27+053636.8_708296_1,708296,708296,44 < L < 45,7.91529,10.198298816153857,8.725262117035586,10.600636041093866,2.2830088161538558,0.8099721170355845,0.8099721170355845,2.6853460410938648,2.2830088161538558,63
11764,110022.09+645812.9_347649_0.1,347649,347649,44 < L < 45,10.8,8.523124955169582,7.688864430172276,9.22102843973647,-2.276875044830419,1.5789715602635308,-3.1111355698277245,-1.5789715602635308,2.276875044830419,64
11077,084403.74+161814.8_922796_0.1,922796,922796,44 < L < 45,10.8745,8.606326464304999,6.184412428192229,9.63453247227578,-2.2681735356950004,1.23996752772422,-4.69008757180777,-1.23996752772422,2.2681735356950004,65
13639,163754.72+240418.3_763682_0.03,763682,763682,44 < L < 45,10.8411,8.58403685598187,7.518427793990374,9.281818702502388,-2.2570631440181312,1.5592812974976127,-3.322672206009627,-1.5592812974976127,2.2570631440181312,66
13222,160224.86+024220.6_816466_0.003,816466,816466,44 < L < 45,10.5435,8.3051804191478,7.139408814904418,9.146735743798532,-2.2383195808522007,1.3967642562014682,-3.4040911850955817,-1.3967642562014682,2.2383195808522007,67
13177,155921.70+435700.6_464798_0.01,464798,464798,44 < L < 45,9.80662,7.577554516542673,7.334800852049505,8.393769685979196,-2.229065483457328,1.4128503140208046,-2.4718191479504954,-1.4128503140208046,2.229065483457328,68
9760,023204.90-010511.5_824536_0.01,824536,824536,44 < L < 45,10.2405,8.014006492738456,7.931639799381361,8.087158869536024,-2.2264935072615444,2.1533411304639767,-2.30886020061864,-2.1533411304639767,2.2264935072615444,69
13873,172614.91+584531.6_784577_0.03,784577,784577,44 < L < 45,11.2999,9.073786320928734,8.11035937881013,9.803639748613184,-2.226113679071265,1.4962602513868148,-3.1895406211898685,-1.4962602513868148,2.226113679071265,70
9871,030210.95-075209.4_778198_0.03,778198,778198,44 < L < 45,10.5845,8.367354321587296,8.356301902557108,8.412926608429446,-2.217145678412704,2.171573391570554,-2.228198097442892,-2.171573391570554,2.217145678412704,71
10730,082219.50+340044.9_832789_0.01,832789,832789,44 < L < 45,10.4466,8.229489992499975,8.228923456917128,8.229941467800986,-2.2171100075000254,2.2166585321990144,-2.217676543082872,-2.2166585321990144,2.2171100075000254,72
13573,162919.93+231919.9_402405_0.03,402405,402405,44 < L < 45,10.4491,8.235230288357027,8.156978206864325,8.267767052550932,-2.213869711642973,2.181332947449068,-2.2921217931356743,-2.181332947449068,2.213869711642973,73
10848,083101.56+120634.4_852484_0.1,852484,852484,44 < L < 45,10.3365,8.123704194970545,8.091425881779164,8.230697161476197,-2.2127958050294545,2.105802838523802,-2.2450741182208347,-2.105802838523802,2.2127958050294545,74
11451,091725.90+314531.5_772577_0.3,772577,772577,44 < L < 45,10.6056,8.393456548433196,5.443212827305189,9.364055804057374,-2.2121434515668046,1.2415441959426268,-5.162387172694812,-1.2415441959426268,2.2121434515668046,75
9842,025515.31-082236.0_425968_0.3,425968,425968,44 < L < 45,11.1292,8.917751190151666,8.053803477635203,9.672851524969898,-2.211448809848335,1.4563484750301026,-3.075396522364798,-1.4563484750301026,2.211448809848335,76
11043,084240.07+234148.8_869049_0.03,869049,869049,44 < L < 45,10.8526,8.64717263983022,7.5455415155290675,9.25421898018959,-2.2054273601697805,1.598381019810411,-3.307058484470933,-1.598381019810411,2.2054273601697805,77
11570,093318.77+521713.3_763682_0.03,763682,763682,44 < L < 45,10.8411,8.635783022038648,7.835865241731235,9.229883734773887,-2.2053169779613526,1.6112162652261137,-3.0052347582687657,-1.6112162652261137,2.2053169779613526,78
13404,161456.18+413055.8_772339_1,772339,772339,44 < L < 45,8.46913,10.669976194676623,10.420157078415226,10.84985241277714,2.2008461946766253,1.951027078415228,1.951027078415228,2.3807224127771427,2.2008461946766253,79
12294,145355.35+300909.2_778198_0.03,778198,778198,44 < L < 45,10.5845,8.392916637066463,8.31408344644965,8.459271053816037,-2.191583362933537,2.125228946183963,-2.2704165535503495,-2.125228946183963,2.191583362933537,80
10826,082951.49+600001.8_772271_0.01,772271,772271,44 < L < 45,9.95718,7.767556527855065,7.748459372122318,7.789514606769166,-2.189623472144934,2.167665393230833,-2.208720627877681,-2.167665393230833,2.189623472144934,81
12929,154636.70+200623.1_869049_0.01,869049,869049,44 < L < 45,10.8526,8.663233646943823,7.903457834796484,9.383038171066204,-2.1893663530561778,1.4695618289337968,-2.949142165203517,-1.4695618289337968,2.1893663530561778,82
11511,092343.49+475321.6_647311_0.03,647311,647311,44 < L < 45,10.6676,8.483769930190235,7.441094632748163,9.24707980516402,-2.183830069809765,1.4205201948359796,-3.226505367251837,-1.4205201948359796,2.183830069809765,83
11319,090225.23+433002.6_656322_0.03,656322,656322,44 < L < 45,10.1674,7.992402291940163,6.749005141863463,8.888095264991229,-2.1749977080598377,1.2793047350087718,-3.418394858136538,-1.2793047350087718,2.1749977080598377,84
11246,085618.74+333500.8_852484_0.1,852484,852484,44 < L < 45,10.3365,8.16210094368308,7.932925815776264,8.62745544749451,-2.1743990563169184,1.709044552505489,-2.403574184223735,-1.709044552505489,2.1743990563169184,85
11865,140214.89+144516.2_869049_0.01,869049,869049,44 < L < 45,10.8526,8.679467882102603,7.882109053126456,9.22965034944692,-2.173132117897397,1.6229496505530796,-2.9704909468735443,-1.6229496505530796,2.173132117897397,86
11617,094200.44+445458.3_444741_0.1,444741,444741,44 < L < 45,11.1085,8.943390775080376,7.979644921468194,9.664899115307962,-2.1651092249196235,1.443600884692037,-3.1288550785318057,-1.443600884692037,2.1651092249196235,87
11586,093506.44+575532.9_706142_0.003,706142,706142,44 < L < 45,10.6836,8.524823946797648,7.528885114138174,9.23189170384801,-2.1587760532023523,1.45170829615199,-3.154714885861826,-1.45170829615199,2.1587760532023523,88
11181,085108.63+163422.4_777332_0.3,777332,777332,44 < L < 45,10.7,8.542318930359166,8.52254610592626,8.603888293905008,-2.1576810696408337,2.096111706094991,-2.1774538940737393,-2.096111706094991,2.1576810696408337,89
12469,150908.97+385409.1_922277_0.1,922277,922277,44 < L < 45,10.7506,8.60037207551628,7.953796951560356,9.094232780984523,-2.150227924483721,1.6563672190154772,-2.796803048439644,-1.6563672190154772,2.150227924483721,90
12742,153226.72+490014.9_785305_0.01,785305,785305,44 < L < 45,10.7981,8.648222618977982,7.636025718519522,9.244616305898088,-2.149877381022017,1.5534836941019114,-3.162074281480477,-1.5534836941019114,2.149877381022017,91
12131,144016.02+202114.1_608503_1,608503,608503,44 < L < 45,10.4018,8.256278291781108,7.875975877865159,8.504946372722296,-2.145521708218892,1.8968536272777037,-2.525824122134841,-1.8968536272777037,2.145521708218892,92
11772,110022.09+645812.9_853526_0.1,853526,853526,44 < L < 45,10.6408,8.507885372851502,7.490413417240466,9.302753149282111,-2.132914627148498,1.3380468507178893,-3.150386582759534,-1.3380468507178893,2.132914627148498,93
12358,145845.36+340632.5_869049_0.03,869049,869049,44 < L < 45,10.8526,8.725486755903432,7.789187064938187,9.33988433151296,-2.1271132440965683,1.51271566848704,-3.0634129350618133,-1.51271566848704,2.1271132440965683,94
13345,161005.28+181143.4_865674_0.001,865674,865674,44 < L < 45,10.4155,8.289673646074192,6.552710399890098,9.060950345023429,-2.125826353925808,1.3545496549765716,-3.862789600109902,-1.3545496549765716,2.125826353925808,95
13226,160226.89+274141.9_688593_0.01,688593,688593,44 < L < 45,10.5092,8.38414512325027,8.205602719779302,8.466626087734825,-2.1250548767497293,2.0425739122651745,-2.303597280220698,-2.0425739122651745,2.1250548767497293,96
12876,154317.71+302921.3_892201_0.01,892201,892201,44 < L < 45,10.3013,8.177669758424507,8.171719942381905,8.183624048388735,-2.1236302415754924,2.1176759516112647,-2.129580057618094,-2.1176759516112647,2.1236302415754924,97
10374,075626.44+132541.1_891438_0.3,891438,891438,44 < L < 45,11.2506,9.130143639876584,8.090672837748988,10.107867678467494,-2.1204563601234163,1.142732321532506,-3.1599271622510123,-1.142732321532506,2.1204563601234163,98
12496,151130.30+140550.9_941379_0.01,941379,941379,44 < L < 45,10.8066,8.686589753771582,7.615839233961963,9.352105568337253,-2.120010246228418,1.4544944316627468,-3.1907607660380366,-1.4544944316627468,2.120010246228418,99
10539,080904.98+273825.8_869049_0.1,869049,869049,44 < L < 45,10.8526,8.733557463003034,7.866332773611413,9.28937910887201,-2.1190425369969663,1.5632208911279903,-2.9862672263885877,-1.5632208911279903,2.1190425369969663,100
