dr7q_plate,dr7q_mjd,dr7q_fiber
299,51671,267
299,51671,525
299,51671,580
300,51943,28
300,51943,85
300,51943,136
300,51943,152
300,51943,174
300,51943,200
300,51943,261
300,51943,418
301,51942,121
301,51942,267
301,51942,369
301,51942,396
301,51942,502
301,51942,545
301,51942,575
302,51688,29
302,51688,278
302,51688,314
302,51688,385
302,51688,537
303,51615,414
304,51957,124
304,51957,171
304,51957,403
304,51957,440
304,51957,462
305,51613,122
305,51613,211
305,51613,475
305,51613,479
305,51613,550
306,51637,129
307,51663,11
307,51663,156
307,51663,258
307,51663,511
308,51662,73
308,51662,282
308,51662,340
308,51662,523
308,51662,595
309,51994,28
309,51994,360
309,51994,509
309,51994,516
310,51990,432
310,51990,531
311,51665,9
311,51665,131
311,51665,571
312,51689,415
312,51689,434
312,51689,525
313,51673,5
313,51673,66
313,51673,213
313,51673,608
315,51663,19
315,51663,34
315,51663,226
315,51663,483
342,51691,40
342,51691,400
343,51692,145
343,51692,195
343,51692,250
343,51692,302
343,51692,352
344,51693,158
344,51693,159
344,51693,289
344,51693,372
344,51693,628
345,51690,56
345,51690,358
345,51690,372
345,51690,449
345,51690,571
346,51693,6
346,51693,293
346,51693,294
346,51693,563
351,51780,2
351,51780,83
351,51780,289
351,51780,578
353,51703,262
353,51703,306
354,51792,142
354,51792,393
354,51792,409
354,51792,556
354,51792,612
355,51788,408
355,51788,567
355,51788,623
358,51818,35
358,51818,54
358,51818,69
358,51818,335
358,51818,529
358,51818,534
358,51818,605
359,51821,42
359,51821,207
359,51821,238
359,51821,302
359,51821,441
359,51821,528
360,51816,103
360,51816,118
360,51816,623
363,51989,99
363,51989,253
363,51989,349
363,51989,527
364,52000,278
364,52000,444
364,52000,527
366,52017,156
366,52017,237
366,52017,334
366,52017,400
366,52017,422
366,52017,501
367,51997,120
367,51997,188
367,51997,211
367,51997,248
367,51997,403
367,51997,489
404,51812,404
405,51816,16
405,51816,174
405,51816,175
405,51816,397
405,51816,429
405,51816,458
405,51816,557
405,51816,570
406,51869,71
406,51869,274
406,51869,374
406,51869,487
407,51820,89
407,51820,103
407,51820,139
407,51820,236
407,51820,280
407,51820,484
407,51820,501
407,51820,579
407,51820,587
408,51821,520
408,51821,552
408,51821,562
409,51871,201
409,51871,345
409,51871,356
409,51871,386
409,51871,501
409,51871,613
410,51816,100
410,51816,352
410,51816,472
410,51816,523
410,51816,539
411,51817,232
411,51817,316
411,51817,321
411,51817,521
411,51817,621
412,52258,145
412,52258,480
412,52258,523
412,52258,614
412,52258,621
413,51929,58
413,51929,101
413,51929,225
413,51929,388
413,51929,395
413,51929,516
413,51929,596
414,51901,11
414,51901,133
414,51901,177
414,51901,341
414,51901,386
414,51901,439
414,51901,552
415,51810,191
415,51810,325
415,51810,429
415,51810,576
415,51810,621
416,51811,169
416,51811,316
416,51811,331
416,51811,586
427,51900,11
427,51900,354
427,51900,589
428,51883,30
428,51883,135
428,51883,140
428,51883,143
428,51883,381
429,51820,606
430,51877,89
430,51877,176
431,51877,186
431,51877,187
431,51877,479
431,51877,564
432,51884,173
432,51884,295
432,51884,382
432,51884,527
432,51884,546
433,51873,69
433,51873,156
433,51873,166
433,51873,393
433,51873,407
433,51873,512
433,51873,612
434,51885,117
434,51885,422
434,51885,497
434,51885,543
434,51885,555
434,51885,560
434,51885,585
435,51882,108
435,51882,178
435,51882,184
435,51882,235
435,51882,300
435,51882,319
435,51882,327
435,51882,529
435,51882,544
436,51883,282
436,51883,540
436,51883,545
437,51869,32
437,51869,35
437,51869,73
437,51869,270
437,51869,275
437,51869,279
437,51869,294
437,51869,295
437,51869,338
437,51869,637
437,51869,638
438,51884,180
438,51884,243
439,51877,10
439,51877,19
439,51877,48
439,51877,180
439,51877,185
439,51877,219
439,51877,433
440,51885,202
440,51885,405
440,51885,516
440,51885,600
441,51868,320
441,51868,393
441,51868,508
441,51868,523
442,51882,50
442,51882,527
442,51882,543
442,51882,614
443,51873,53
443,51873,442
443,51873,634
444,51883,17
444,51883,178
444,51883,188
444,51883,245
444,51883,274
444,51883,289
444,51883,422
444,51883,423
444,51883,465
444,51883,496
444,51883,627
445,51873,23
445,51873,151
445,51873,306
445,51873,481
445,51873,632
446,51899,58
446,51899,161
446,51899,276
447,51877,99
447,51877,144
447,51877,272
447,51877,365
447,51877,542
448,51900,75
448,51900,84
448,51900,172
448,51900,508
449,51900,63
449,51900,400
449,51900,411
450,51908,133
450,51908,157
451,51908,98
451,51908,179
451,51908,254
451,51908,429
451,51908,449
451,51908,554
451,51908,604
451,51908,616
452,51911,45
452,51911,61
452,51911,277
452,51911,315
452,51911,357
452,51911,396
452,51911,624
453,51915,27
453,51915,44
453,51915,480
454,51908,17
454,51908,22
454,51908,372
455,51909,114
455,51909,264
455,51909,362
455,51909,366
455,51909,392
455,51909,413
455,51909,463
455,51909,505
455,51909,562
456,51910,15
456,51910,68
456,51910,133
456,51910,140
456,51910,378
456,51910,571
457,51901,164
457,51901,305
457,51901,502
457,51901,537
457,51901,547
457,51901,554
457,51901,585
458,51929,114
458,51929,212
458,51929,264
458,51929,270
458,51929,284
458,51929,368
458,51929,450
458,51929,458
458,51929,470
458,51929,498
459,51924,8
459,51924,129
459,51924,420
459,51924,424
460,51924,262
460,51924,285
460,51924,289
460,51924,425
460,51924,516
460,51924,588
461,51910,173
461,51910,496
462,51909,175
462,51909,223
462,51909,445
462,51909,540
462,51909,631
463,51908,107
463,51908,165
463,51908,215
463,51908,251
463,51908,338
463,51908,495
463,51908,551
464,51908,215
464,51908,335
464,51908,396
464,51908,499
464,51908,541
464,51908,562
465,51910,297
465,51910,308
465,51910,383
465,51910,437
465,51910,453
483,51924,127
483,51924,140
483,51924,178
483,51924,352
483,51924,367
483,51924,373
483,51924,468
484,51907,4
484,51907,134
484,51907,228
484,51907,356
484,51907,456
484,51907,598
485,51909,64
485,51909,67
485,51909,175
485,51909,193
485,51909,217
485,51909,452
485,51909,458
485,51909,474
485,51909,495
486,51910,25
486,51910,50
486,51910,128
486,51910,469
486,51910,627
487,51943,60
487,51943,110
487,51943,133
487,51943,226
487,51943,344
487,51943,495
487,51943,496
487,51943,521
488,51914,85
488,51914,86
488,51914,627
489,51930,187
489,51930,202
489,51930,246
489,51930,266
489,51930,333
489,51930,616
490,51929,179
490,51929,479
491,51942,302
491,51942,363
530,52026,35
530,52026,313
531,52028,77
531,52028,139
531,52028,207
531,52028,433
531,52028,532
532,51993,66
532,51993,301
532,51993,382
532,51993,523
533,51994,366
533,51994,491
534,51997,264
534,51997,490
534,51997,501
534,51997,569
535,51999,226
535,51999,247
535,51999,327
535,51999,515
536,52024,28
536,52024,38
536,52024,72
536,52024,73
536,52024,217
536,52024,308
536,52024,356
537,52027,121
537,52027,140
537,52027,165
537,52027,288
537,52027,499
537,52027,542
537,52027,571
537,52027,583
538,52029,328
538,52029,364
538,52029,483
538,52029,569
539,52017,171
539,52017,304
539,52017,400
539,52017,442
539,52017,525
539,52017,552
539,52017,629
540,51996,144
540,51996,172
540,51996,251
540,51996,285
540,51996,341
540,51996,353
541,51959,71
541,51959,516
542,51993,24
542,51993,239
542,51993,300
542,51993,321
542,51993,387
542,51993,402
542,51993,539
542,51993,560
542,51993,631
543,52017,218
543,52017,267
543,52017,367
543,52017,614
544,52201,145
544,52201,518
545,52202,27
545,52202,90
545,52202,343
545,52202,409
545,52202,439
545,52202,471
545,52202,529
546,52205,123
546,52205,213
546,52205,475
546,52205,575
547,52207,56
547,52207,94
548,51986,44
548,51986,179
549,51981,104
550,51959,142
550,51959,189
550,51959,353
550,51959,405
550,51959,407
550,51959,477
550,51959,580
550,51959,607
551,51993,437
551,51993,489
552,51992,164
552,51992,309
552,51992,475
552,51992,573
552,51992,582
553,51999,21
553,51999,101
553,51999,228
553,51999,276
553,51999,474
553,51999,487
553,51999,517
554,52000,130
554,52000,303
554,52000,468
555,52266,628
556,51991,4
556,51991,160
557,52253,182
557,52253,249
557,52253,547
557,52253,625
558,52317,32
558,52317,552
558,52317,563
559,52316,95
559,52316,136
559,52316,226
559,52316,395
559,52316,472
559,52316,564
559,52316,582
560,52296,290
560,52296,437
564,52224,344
564,52224,471
582,52045,128
583,52055,162
583,52055,168
583,52055,266
583,52055,286
583,52055,349
583,52055,497
583,52055,512
583,52055,621
584,52049,69
584,52049,195
584,52049,279
584,52049,373
584,52049,390
585,52027,124
585,52027,258
585,52027,264
585,52027,288
585,52027,377
586,52023,89
586,52023,229
586,52023,507
586,52023,577
587,52026,106
587,52026,271
588,52045,120
588,52045,354
588,52045,597
589,52055,129
589,52055,145
589,52055,158
589,52055,205
589,52055,227
589,52055,300
589,52055,382
589,52055,399
589,52055,429
589,52055,458
590,52057,18
590,52057,399
591,52022,168
591,52022,265
592,52025,135
592,52025,443
592,52025,518
593,52026,26
593,52026,60
593,52026,170
593,52026,374
593,52026,554
593,52026,561
593,52026,630
594,52045,107
594,52045,288
594,52045,306
594,52045,529
594,52045,600
594,52045,613
594,52045,614
595,52023,63
595,52023,479
618,52049,70
618,52049,186
618,52049,470
618,52049,536
619,52056,305
620,52375,164
620,52375,384
620,52375,451
620,52375,578
620,52375,604
621,52055,39
621,52055,441
621,52055,534
621,52055,537
622,52054,5
622,52054,72
622,52054,90
622,52054,109
622,52054,129
622,52054,169
622,52054,231
622,52054,236
622,52054,310
622,52054,331
622,52054,417
622,52054,590
623,52051,310
623,52051,375
623,52051,447
623,52051,499
624,52377,67
624,52377,123
624,52377,336
624,52377,377
624,52377,600
625,52145,208
625,52145,231
625,52145,290
625,52145,301
625,52145,320
625,52145,562
626,52057,24
626,52057,159
626,52057,220
626,52057,237
626,52057,403
627,52144,98
627,52144,373
627,52144,448
627,52144,545
628,52083,80
628,52083,299
628,52083,439
628,52083,626
629,52051,215
629,52051,286
629,52051,473
629,52051,606
630,52050,118
630,52050,147
630,52050,235
630,52050,309
630,52050,370
630,52050,493
630,52050,633
631,52079,369
631,52079,433
632,52071,28
632,52071,40
632,52071,120
632,52071,316
632,52071,415
632,52071,572
632,52071,606
633,52079,31
633,52079,279
633,52079,519
703,52209,45
703,52209,122
703,52209,399
704,52205,57
704,52205,72
704,52205,148
704,52205,192
704,52205,193
704,52205,212
704,52205,483
705,52200,123
705,52200,220
705,52200,584
706,52199,112
706,52199,182
706,52199,275
706,52199,336
706,52199,457
707,52177,552
708,52175,157
708,52175,175
708,52175,183
708,52175,208
708,52175,256
709,52205,81
709,52205,294
709,52205,567
710,52203,1
710,52203,85
710,52203,309
710,52203,564
711,52202,297
711,52202,614
712,52199,200
712,52199,591
713,52178,365
713,52178,390
713,52178,507
714,52201,55
714,52201,193
714,52201,366
714,52201,423
714,52201,438
754,52232,103
754,52232,176
754,52232,187
754,52232,198
754,52232,311
754,52232,415
754,52232,535
754,52232,538
754,52232,599
754,52232,619
755,52235,20
755,52235,100
755,52235,102
755,52235,208
755,52235,442
755,52235,499
755,52235,522
755,52235,548
755,52235,557
755,52235,559
755,52235,627
756,52577,93
756,52577,164
756,52577,169
756,52577,179
756,52577,208
756,52577,341
756,52577,619
757,52238,220
757,52238,303
757,52238,455
757,52238,638
758,52253,196
758,52253,197
758,52253,226
758,52253,401
758,52253,588
759,52254,43
759,52254,72
759,52254,188
759,52254,448
760,52264,287
760,52264,339
760,52264,608
761,52266,37
761,52266,144
762,52232,46
762,52232,220
762,52232,288
762,52232,443
762,52232,456
762,52232,581
762,52232,589
763,52235,125
763,52235,174
763,52235,325
763,52235,633
764,52238,182
764,52238,252
764,52238,322
764,52238,377
764,52238,451
764,52238,530
765,52254,58
765,52254,162
765,52254,198
765,52254,223
765,52254,349
765,52254,601
766,52247,106
766,52247,209
766,52247,385
766,52247,488
766,52247,516
767,52252,2
767,52252,101
767,52252,110
767,52252,307
767,52252,467
767,52252,492
767,52252,550
767,52252,554
767,52252,612
768,52281,106
768,52281,606
768,52281,633
769,52282,61
769,52282,130
769,52282,211
769,52282,374
769,52282,458
769,52282,628
770,52282,92
770,52282,108
770,52282,219
770,52282,245
770,52282,250
770,52282,352
771,52370,126
771,52370,235
771,52370,296
771,52370,388
771,52370,391
771,52370,509
771,52370,606
772,52375,54
772,52375,81
772,52375,303
772,52375,539
773,52376,255
773,52376,279
773,52376,314
773,52376,608
796,52401,113
796,52401,164
796,52401,227
812,52352,97
812,52352,173
812,52352,250
812,52352,355
812,52352,362
813,52354,76
813,52354,97
813,52354,169
813,52354,182
813,52354,339
813,52354,531
813,52354,623
814,52443,59
814,52443,82
814,52443,185
814,52443,339
814,52443,376
814,52443,469
814,52443,564
815,52374,177
815,52374,315
815,52374,333
815,52374,543
816,52379,517
816,52379,602
816,52379,625
817,52381,55
817,52381,70
817,52381,106
817,52381,122
817,52381,449
818,52395,499
818,52395,543
818,52395,562
818,52395,600
819,52409,142
819,52409,293
819,52409,461
820,52438,258
820,52438,300
825,52289,162
826,52295,24
826,52295,207
826,52295,269
826,52295,444
826,52295,537
826,52295,563
826,52295,589
826,52295,620
827,52312,39
827,52312,128
827,52312,310
827,52312,371
827,52312,457
827,52312,509
827,52312,522
827,52312,581
828,52317,7
828,52317,100
828,52317,179
828,52317,228
828,52317,256
828,52317,344
828,52317,352
828,52317,559
828,52317,609
828,52317,613
829,52296,117
829,52296,330
829,52296,350
829,52296,360
829,52296,421
830,52293,25
830,52293,29
830,52293,131
830,52293,161
831,52294,115
831,52294,118
831,52294,167
831,52294,176
831,52294,228
831,52294,306
832,52312,5
832,52312,53
832,52312,61
832,52312,174
832,52312,199
832,52312,327
832,52312,396
832,52312,531
832,52312,566
833,52314,8
833,52314,9
833,52314,80
833,52314,337
833,52314,517
833,52314,544
833,52314,619
834,52316,211
834,52316,439
834,52316,470
834,52316,562
834,52316,566
834,52316,567
854,52373,150
854,52373,621
855,52375,106
855,52375,172
855,52375,250
856,52339,50
856,52339,149
856,52339,269
856,52339,469
857,52314,117
857,52314,459
858,52316,274
858,52316,308
858,52316,530
858,52316,588
859,52317,20
859,52317,521
860,52319,235
860,52319,418
860,52319,469
861,52318,32
861,52318,42
861,52318,376
861,52318,442
861,52318,491
861,52318,627
862,52325,124
862,52325,232
862,52325,252
862,52325,259
862,52325,580
864,52320,286
864,52320,347
864,52320,418
864,52320,442
864,52320,472
865,52323,176
865,52323,264
865,52323,273
865,52323,280
865,52323,589
870,52325,119
870,52325,124
870,52325,183
870,52325,453
870,52325,506
870,52325,521
870,52325,594
870,52325,636
888,52339,245
888,52339,362
888,52339,384
888,52339,426
888,52339,462
888,52339,471
888,52339,558
889,52663,193
889,52663,266
889,52663,355
889,52663,557
889,52663,571
889,52663,602
890,52583,158
890,52583,286
890,52583,436
890,52583,488
890,52583,589
890,52583,634
891,52584,352
891,52584,510
891,52584,588
891,52584,639
892,52378,5
892,52378,275
892,52378,286
892,52378,395
893,52589,333
894,52615,21
894,52615,86
894,52615,197
894,52615,219
894,52615,444
895,52581,39
895,52581,202
895,52581,203
895,52581,205
895,52581,359
895,52581,483
895,52581,588
896,52592,137
896,52592,235
896,52592,302
896,52592,471
896,52592,585
896,52592,630
897,52605,85
897,52605,212
897,52605,341
898,52606,16
898,52606,362
899,52620,184
900,52637,335
900,52637,464
901,52641,33
901,52641,102
901,52641,232
901,52641,570
901,52641,578
902,52409,126
902,52409,189
902,52409,287
902,52409,455
902,52409,480
902,52409,499
902,52409,585
903,52400,367
903,52400,378
903,52400,420
903,52400,532
911,52426,524
912,52427,52
912,52427,555
913,52433,132
913,52433,380
913,52433,464
913,52433,615
913,52433,625
914,52721,74
914,52721,235
914,52721,331
914,52721,396
914,52721,609
914,52721,636
915,52443,93
915,52443,232
915,52443,568
915,52443,579
915,52443,621
916,52378,113
916,52378,328
916,52378,381
916,52378,434
916,52378,507
916,52378,510
917,52400,381
918,52404,216
918,52404,263
918,52404,580
918,52404,628
919,52409,466
919,52409,481
919,52409,595
920,52411,116
920,52411,258
920,52411,321
920,52411,325
920,52411,432
920,52411,504
920,52411,515
920,52411,584
921,52380,78
921,52380,136
921,52380,140
921,52380,177
921,52380,317
921,52380,578
922,52426,283
922,52426,362
922,52426,389
922,52426,403
922,52426,468
922,52426,473
923,52404,125
923,52404,634
924,52409,177
924,52409,231
924,52409,388
924,52409,632
925,52411,163
925,52411,258
925,52411,271
926,52413,134
926,52413,491
926,52413,555
927,52577,3
927,52577,70
927,52577,585
928,52578,232
928,52578,380
928,52578,486
928,52578,510
928,52578,596
928,52578,616
929,52581,568
930,52618,80
930,52618,125
930,52618,135
930,52618,228
930,52618,401
930,52618,437
931,52619,56
931,52619,256
931,52619,483
932,52620,22
932,52620,180
932,52620,339
932,52620,441
932,52620,473
932,52620,631
933,52642,273
933,52642,550
933,52642,592
934,52672,165
934,52672,636
935,52643,20
935,52643,89
935,52643,130
935,52643,381
935,52643,453
935,52643,503
935,52643,629
936,52705,115
936,52705,317
936,52705,326
936,52705,332
936,52705,483
936,52705,498
936,52705,564
937,52707,55
937,52707,226
937,52707,230
937,52707,492
937,52707,569
938,52708,39
938,52708,91
938,52708,254
938,52708,272
938,52708,390
939,52636,59
939,52636,456
940,52670,234
940,52670,324
940,52670,344
940,52670,385
940,52670,389
940,52670,391
945,52652,367
945,52652,411
945,52652,418
945,52652,436
945,52652,602
946,52407,330
946,52407,391
947,52411,480
972,52435,338
972,52435,363
972,52435,434
972,52435,472
972,52435,602
973,52426,6
973,52426,36
973,52426,107
973,52426,112
973,52426,150
973,52426,207
973,52426,517
974,52427,54
974,52427,335
974,52427,507
974,52427,554
974,52427,561
974,52427,589
975,52411,272
975,52411,341
975,52411,367
975,52411,526
975,52411,540
976,52413,2
976,52413,245
976,52413,271
976,52413,306
976,52413,374
976,52413,393
976,52413,541
977,52410,164
977,52410,355
978,52441,25
978,52441,321
978,52441,332
978,52441,492
978,52441,560
978,52441,633
979,52427,91
979,52427,428
979,52427,547
980,52431,112
980,52431,419
980,52431,545
980,52431,592
1005,52703,121
1005,52703,212
1005,52703,366
1005,52703,445
1005,52703,605
1006,52708,344
1051,52468,277
1051,52468,553
1052,52466,4
1052,52466,26
1052,52466,626
1053,52468,306
1053,52468,322
1053,52468,636
1054,52516,166
1054,52516,516
1054,52516,556
1054,52516,625
1055,52761,249
1055,52761,336
1056,52764,329
1056,52764,549
1056,52764,603
1056,52764,620
1056,52764,623
1056,52764,630
1057,52522,254
1058,52520,20
1058,52520,210
1058,52520,289
1059,52618,244
1059,52618,453
1060,52636,467
1060,52636,553
1061,52641,584
1061,52641,617
1061,52641,627
1062,52619,138
1063,52591,421
1070,52591,241
1072,52643,137
1072,52643,372
1073,52649,532
1150,52644,297
1150,52644,576
1167,52738,46
1167,52738,229
1168,52731,39
1168,52731,246
1169,52753,259
1169,52753,398
1170,52756,101
1170,52756,131
1170,52756,195
1170,52756,461
1170,52756,489
1171,52753,416
1172,52759,135
1172,52759,271
1172,52759,472
1173,52790,1
1173,52790,304
1173,52790,422
1173,52790,463
1174,52782,478
1174,52782,539
1175,52791,257
1175,52791,344
1175,52791,552
1175,52791,640
1176,52791,171
1176,52791,361
1176,52791,514
1184,52641,107
1184,52641,387
1185,52642,44
1186,52646,341
1186,52646,344
1186,52646,570
1187,52708,474
1187,52708,564
1188,52650,218
1198,52669,100
1198,52669,131
1198,52669,232
1198,52669,286
1198,52669,352
1199,52703,468
1200,52668,120
1200,52668,165
1200,52668,191
1200,52668,514
1200,52668,522
1202,52672,310
1202,52672,349
1203,52669,154
1204,52669,112
1204,52669,473
1204,52669,503
1205,52670,104
1205,52670,131
1205,52670,146
1205,52670,164
1205,52670,349
1205,52670,502
1205,52670,521
1205,52670,524
1206,52670,420
1206,52670,495
1207,52672,7
1207,52672,124
1207,52672,284
1207,52672,300
1207,52672,543
1208,52672,536
1208,52672,549
1209,52674,84
1209,52674,215
1210,52701,18
1210,52701,220
1211,52964,302
1211,52964,537
1211,52964,578
1211,52964,610
1213,52972,452
1213,52972,640
1214,52731,112
1214,52731,119
1214,52731,233
1214,52731,440
1214,52731,468
1214,52731,507
1242,52901,588
1263,52708,116
1263,52708,255
1263,52708,498
1264,52707,154
1264,52707,204
1265,52705,236
1265,52705,444
1266,52709,115
1266,52709,237
1266,52709,409
1266,52709,571
1267,52932,142
1267,52932,307
1267,52932,453
1267,52932,631
1268,52933,111
1268,52933,464
1268,52933,587
1268,52933,640
1269,52937,65
1269,52937,277
1269,52937,309
1269,52937,318
1269,52937,415
1270,52991,12
1270,52991,87
1270,52991,309
1270,52991,425
1271,52974,297
1271,52974,555
1272,52989,19
1272,52989,89
1272,52989,296
1272,52989,409
1272,52989,548
1272,52989,580
1273,52993,170
1273,52993,194
1274,52995,192
1274,52995,385
1291,52735,29
1291,52735,101
1291,52735,150
1291,52735,198
1291,52735,618
1292,52736,41
1292,52736,626
1293,52765,122
1293,52765,567
1293,52765,638
1294,52753,300
1294,52753,306
1295,52934,128
1297,52963,541
1298,52964,97
1298,52964,498
1331,52766,21
1331,52766,249
1332,52781,54
1333,52782,188
1333,52782,232
1333,52782,386
1333,52782,475
1333,52782,477
1333,52782,557
1334,52764,361
1334,52764,579
1335,52824,12
1335,52824,482
1336,52759,246
1336,52759,619
1337,52767,152
1337,52767,485
1338,52765,33
1338,52765,265
1338,52765,585
1339,52767,252
1339,52767,268
1339,52767,299
1339,52767,378
1339,52767,602
1340,52781,58
1340,52781,72
1340,52781,317
1341,52786,25
1341,52786,64
1341,52786,126
1341,52786,131
1341,52786,183
1341,52786,399
1341,52786,629
1342,52793,321
1342,52793,400
1342,52793,568
1343,52790,416
1343,52790,561
1343,52790,567
1351,52790,87
1351,52790,103
1351,52790,390
1351,52790,424
1352,52819,447
1353,53083,38
1353,53083,461
1353,53083,629
1354,52814,28
1354,52814,36
1354,52814,78
1354,52814,314
1354,52814,439
1354,52814,466
1355,52823,218
1355,52823,430
1383,53116,27
1383,53116,69
1383,53116,169
1384,53121,15
1384,53121,148
1384,53121,403
1384,53121,608
1386,53116,210
1386,53116,294
1386,53116,364
1386,53116,402
1386,53116,536
1387,53118,10
1387,53118,75
1387,53118,542
1388,53119,378
1388,53119,469
1389,53135,165
1389,53135,395
1389,53135,545
1390,53142,309
1391,52817,198
1391,52817,386
1399,53172,31
1399,53172,210
1400,53470,34
1400,53470,461
1400,53470,638
1401,53144,142
1402,52872,148
1402,52872,594
1403,53227,21
1403,53227,351
1404,52825,83
1404,52825,123
1404,52825,381
1404,52825,477
1404,52825,489
1405,52826,161
1405,52826,369
1405,52826,417
1405,52826,458
1405,52826,561
1405,52826,566
1406,52876,287
1406,52876,340
1407,52886,363
1407,52886,364
1408,52822,103
1408,52822,152
1408,52822,298
1409,52824,85
1409,52824,86
1414,53135,56
1414,53135,124
1414,53135,570
1415,52885,231
1417,53141,580
1418,53142,218
1418,53142,341
1418,53142,349
1419,53144,88
1420,53146,17
1420,53146,147
1420,53146,166
1420,53146,415
1421,53149,401
1423,53167,14
1423,53167,28
1423,53167,222
1423,53167,419
1423,53167,607
1424,52912,395
1425,52913,132
1425,52913,246
1507,53763,170
1529,52930,213
1567,53172,368
1567,53172,633
1568,53169,13
1568,53169,269
1568,53169,441
1568,53169,594
1569,53168,126
1569,53168,135
1569,53168,420
1569,53168,576
1570,53149,393
1570,53149,468
1571,53174,33
1571,53174,481
1572,53177,130
1573,53226,621
1574,53476,230
1574,53476,401
1575,53493,34
1575,53493,51
1576,53496,25
1576,53496,279
1576,53496,394
1577,53495,220
1577,53495,570
1579,53473,167
1579,53473,365
1580,53145,142
1581,53149,46
1581,53149,307
1581,53149,424
1581,53149,543
1582,52939,49
1582,52939,313
1583,52941,39
1583,52941,110
1583,52941,191
1583,52941,574
1583,52941,579
1584,52943,165
1584,52943,255
1584,52943,557
1585,52962,377
1585,52962,557
1585,52962,573
1586,52945,27
1586,52945,87
1586,52945,217
1586,52945,348
1586,52945,379
1587,52964,516
1588,52965,319
1588,52965,518
1589,52972,327
1590,52974,168
1590,52974,356
1590,52974,627
1591,52976,93
1591,52976,145
1591,52976,299
1591,52976,305
1591,52976,491
1592,52990,392
1592,52990,420
1592,52990,446
1593,52991,344
1646,53498,156
1647,53531,297
1647,53531,589
1647,53531,639
1648,53171,115
1648,53171,289
1648,53171,404
1649,53149,229
1649,53149,464
1650,53174,53
1650,53174,483
1651,53442,97
1651,53442,213
1651,53442,548
1652,53555,387
1652,53555,590
1653,53534,23
1653,53534,359
1654,53498,86
1654,53498,417
1654,53498,475
1657,53520,120
1657,53520,219
1657,53520,423
1657,53520,570
1658,53240,287
1658,53240,358
1659,53224,176
1659,53224,476
1666,52991,193
1677,53148,514
1677,53148,536
1677,53148,570
1678,53433,533
1679,53149,138
1680,53171,178
1680,53171,477
1680,53171,558
1680,53171,570
1681,53172,233
1681,53172,267
1681,53172,387
1681,53172,424
1681,53172,584
1682,53173,166
1682,53173,183
1682,53173,564
1683,53436,66
1683,53436,190
1683,53436,500
1684,53239,454
1684,53239,507
1685,53463,260
1685,53463,406
1686,53472,156
1686,53472,401
1687,53260,125
1687,53260,362
1687,53260,428
1688,53462,35
1688,53462,165
1688,53462,447
1689,53177,544
1689,53177,635
1690,53475,310
1690,53475,350
1690,53475,600
1690,53475,608
1690,53475,616
1691,53260,55
1691,53260,344
1691,53260,383
1692,53473,36
1692,53473,469
1693,53446,449
1693,53446,465
1702,53144,229
1702,53144,550
1702,53144,597
1703,53799,128
1703,53799,457
1704,53178,27
1704,53178,31
1704,53178,464
1705,53848,581
1705,53848,623
1706,53442,600
1707,53885,53
1707,53885,376
1707,53885,479
1708,53503,335
1708,53503,354
1709,53533,168
1709,53533,230
1711,53535,171
1711,53535,257
1711,53535,386
1711,53535,567
1712,53531,85
1712,53531,259
1712,53531,277
1712,53531,384
1712,53531,605
1713,53827,63
1713,53827,497
1714,53521,97
1714,53521,162
1714,53521,257
1714,53521,431
1714,53521,560
1715,54212,51
1716,53827,120
1716,53827,250
1716,53827,603
1717,53883,209
1717,53883,279
1717,53883,427
1717,53883,610
1718,53850,79
1718,53850,632
1720,53854,14
1720,53854,315
1721,53857,236
1721,53857,248
1721,53857,332
1722,53852,49
1722,53852,111
1722,53852,158
1722,53852,259
1723,53905,54
1723,53905,486
1723,53905,609
1724,53859,47
1724,53859,247
1725,54266,443
1725,54266,602
1726,53137,296
1726,53137,566
1726,53137,582
1727,53859,114
1727,53859,122
1727,53859,610
1728,53228,417
1729,53858,18
1729,53858,175
1730,53498,178
1730,53498,300
1730,53498,367
1731,53884,459
1731,53884,523
1733,53047,40
1733,53047,232
1733,53047,458
1733,53047,599
1735,53035,29
1735,53035,556
1735,53035,626
1736,53052,38
1737,53055,27
1737,53055,617
1756,53080,395
1757,53083,223
1757,53083,614
1758,53084,16
1758,53084,317
1758,53084,358
1759,53081,253
1759,53081,402
1759,53081,447
1760,53086,130
1760,53086,214
1778,53883,95
1779,53089,214
1779,53089,444
1779,53089,613
1780,53090,8
1780,53090,187
1781,53297,218
1781,53297,437
1782,53383,286
1783,53386,128
1783,53386,345
1783,53386,434
1784,54425,619
1785,54439,149
1785,54439,273
1785,54439,359
1785,54439,427
1785,54439,568
1786,54450,407
1786,54450,598
1787,54465,36
1787,54465,579
1788,54468,12
1788,54468,356
1788,54468,495
1806,53559,11
1807,54175,8
1807,54175,215
1807,54175,259
1807,54175,442
1807,54175,581
1808,54176,134
1808,54176,396
1808,54176,532
1808,54176,577
1809,53792,105
1810,53794,267
1810,53794,451
1811,53533,90
1811,53533,149
1811,53533,350
1812,53795,358
1812,53795,422
1812,53795,432
1812,53795,502
1813,53903,317
1813,53903,471
1813,53903,493
1814,54555,2
1814,54555,404
1814,54555,467
1814,54555,559
1814,54555,567
1814,54555,607
1815,53884,299
1817,53851,24
1817,53851,266
1817,53851,556
1818,54539,147
1818,54539,268
1818,54539,485
1822,53172,148
1822,53172,287
1823,53886,377
1823,53886,524
1825,53504,206
1825,53504,224
1825,53504,289
1826,53499,224
1826,53499,442
1826,53499,625
1827,53531,213
1827,53531,298
1827,53531,382
1828,53504,25
1828,53504,29
1828,53504,443
1828,53504,582
1829,53494,131
1829,53494,203
1829,53494,208
1830,54560,71
1830,54560,596
1831,54557,186
1832,54259,281
1832,54259,423
1833,54561,170
1833,54561,190
1833,54561,592
1834,54562,136
1835,54563,598
1836,54567,134
1836,54567,137
1837,53494,531
1837,53494,605
1842,53501,51
1842,53501,322
1843,53816,354
1843,53816,515
1843,53816,563
1844,54138,446
1844,54138,537
1845,54144,226
1845,54144,330
1845,54144,583
1846,54173,125
1847,54176,75
1847,54176,413
1847,54176,606
1848,54180,35
1848,54180,369
1848,54180,488
1849,53846,275
1849,53846,284
1849,53846,427
1850,53786,438
1851,53524,603
1853,53566,579
1854,53566,194
1864,53313,45
1864,53313,92
1864,53313,102
1865,53312,261
1865,53312,289
1865,53312,367
1866,53314,203
1866,53314,260
1866,53314,308
1866,53314,508
1867,53317,58
1867,53317,178
1867,53317,229
1867,53317,269
1867,53317,290
1867,53317,465
1867,53317,540
1868,53318,23
1868,53318,67
1868,53318,572
1868,53318,583
1868,53318,611
1869,53327,305
1870,53383,226
1870,53383,268
1870,53383,411
1871,53384,164
1871,53384,178
1871,53384,240
1871,53384,279
1871,53384,419
1872,53386,515
1873,54437,4
1873,54437,9
1873,54437,12
1873,54437,289
1874,54452,29
1874,54452,491
1875,54453,90
1875,54453,598
1875,54453,613
1876,54464,318
1876,54464,442
1877,54464,158
1877,54464,390
1878,54474,4
1878,54474,629
1879,54478,102
1879,54478,177
1879,54478,513
1899,53262,67
1920,53314,133
1920,53314,460
1921,53317,41
1921,53317,339
1921,53317,355
1922,53315,44
1922,53315,116
1922,53315,413
1922,53315,503
1922,53315,582
1922,53315,628
1923,53319,210
1923,53319,317
1923,53319,338
1923,53319,537
1924,53330,157
1924,53330,214
1924,53330,294
1925,53327,40
1926,53317,148
1926,53317,511
1926,53317,514
1927,53321,180
1927,53321,301
1927,53321,567
1928,53327,145
1928,53327,212
1928,53327,536
1928,53327,607
1929,53349,94
1929,53349,237
1929,53349,607
1929,53349,629
1930,53347,66
1930,53347,492
1931,53358,192
1931,53358,405
1931,53358,621
1932,53350,570
1933,53381,40
1933,53381,109
1933,53381,119
1933,53381,147
1933,53381,434
1934,53357,149
1934,53357,190
1934,53357,565
1935,53387,107
1935,53387,206
1935,53387,438
1935,53387,460
1935,53387,477
1938,53379,470
2061,53711,184
2062,53381,500
2064,53341,222
2064,53341,318
2069,53376,188
2071,53741,54
2071,53741,412
2073,53728,53
2073,53728,557
2076,53442,320
2080,53350,132
2080,53350,161
2080,53350,633
2080,53350,636
2081,53357,348
2081,53357,450
2082,53358,147
2083,53359,32
2083,53359,331
2083,53359,393
2083,53359,610
2083,53359,638
2085,53379,51
2085,53379,396
2086,53401,13
2086,53401,250
2086,53401,417
2131,53819,117
2131,53819,165
2131,53819,178
2131,53819,213
2132,53493,324
2132,53493,339
2132,53493,407
2132,53493,527
2133,53917,212
2135,53827,227
2135,53827,631
2137,54206,98
2137,54206,485
2137,54206,494
2137,54206,587
2138,53757,191
2139,53878,525
2140,53858,223
2140,53858,507
2140,53858,633
2141,53764,22
2141,53764,357
2142,54208,50
2142,54208,210
2142,54208,315
2142,54208,332
2143,54184,63
2144,53770,138
2144,53770,165
2144,53770,263
2144,53770,372
2145,54212,199
2145,54212,265
2145,54212,325
2145,54212,481
2145,54212,524
2149,54509,215
2150,54510,624
2151,54523,116
2151,54523,167
2151,54523,241
2151,54523,527
2152,53874,435
2155,53820,299
2155,53820,341
2155,53820,368
2155,53820,405
2156,54525,193
2157,54242,271
2158,54209,81
2158,54209,440
2159,54328,187
2160,53885,144
2160,53885,426
2161,53878,115
2162,54207,82
2162,54207,210
2162,54207,363
2162,54207,406
2163,53823,45
2163,53823,174
2163,53823,238
2163,53823,355
2163,53823,462
2163,53823,469
2164,53886,115
2165,53917,222
2165,53917,239
2166,54232,158
2167,53889,23
2167,53889,121
2168,53886,353
2169,53556,442
2170,53875,302
2170,53875,343
2170,53875,544
2171,53557,164
2171,53557,596
2172,54230,390
2172,54230,445
2172,54230,530
2172,54230,535
2173,53874,148
2185,53532,2
2185,53532,346
2186,54327,31
2187,54270,203
2193,53888,521
2194,53904,556
2196,53534,375
2196,53534,403
2196,53534,429
2197,53555,331
2197,53555,555
2198,53918,58
2198,53918,319
2199,53556,25
2199,53556,213
2199,53556,236
2199,53556,260
2199,53556,334
2200,53875,336
2201,53904,297
2201,53904,385
2201,53904,490
2202,53566,525
2203,53915,122
2203,53915,393
2203,53915,396
2204,53877,337
2204,53877,606
2206,53795,10
2206,53795,48
2206,53795,428
2207,53558,242
2207,53558,406
2207,53558,564
2207,53558,583
2208,53880,349
2208,53880,499
2208,53880,596
2209,53907,2
2210,53535,277
2256,53859,31
2256,53859,109
2262,54623,557
2264,53682,232
2264,53682,394
2265,53674,17
2266,53679,192
2266,53679,264
2266,53679,335
2266,53679,384
2266,53679,518
2267,53713,15
2267,53713,563
2268,53682,79
2268,53682,263
2268,53682,505
2270,53714,524
2271,53726,40
2271,53726,257
2271,53726,418
2271,53726,434
2271,53726,531
2272,53713,163
2272,53713,633
2273,53709,35
2273,53709,512
2273,53709,571
2274,53726,320
2275,53709,27
2275,53709,219
2275,53709,372
2276,53712,556
2277,53705,591
2277,53705,606
2278,53711,171
2279,53708,13
2279,53708,175
2279,53708,205
2280,53680,45
2280,53680,54
2280,53680,243
2280,53680,327
2280,53680,479
2280,53680,573
2280,53680,592
2281,53711,5
2281,53711,198
2281,53711,217
2281,53711,374
2281,53711,431
2281,53711,630
2282,53683,8
2282,53683,12
2282,53683,323
2282,53683,402
2283,53729,48
2283,53729,149
2283,53729,388
2284,53708,290
2284,53708,317
2302,53709,158
2321,53711,181
2330,53738,315
2339,53729,629
2398,53768,331
2399,53764,561
2400,53765,28
2403,53795,462
2417,53766,18
2417,53766,203
2418,53794,17
2418,53794,37
2418,53794,200
2418,53794,587
2419,54139,158
2419,54139,262
2420,54086,232
2420,54086,266
2420,54086,390
2420,54086,452
2420,54086,574
2420,54086,619
2421,54153,126
2421,54153,142
2421,54153,214
2421,54153,414
2421,54153,481
2421,54153,553
2421,54153,564
2422,54096,236
2422,54096,589
2423,54149,226
2423,54149,313
2423,54149,436
2425,54139,126
2426,53795,28
2426,53795,405
2426,53795,467
2426,53795,589
2427,53815,243
2427,53815,475
2427,53815,517
2428,53801,21
2428,53801,197
2428,53801,342
2428,53801,377
2428,53801,516
2428,53801,551
2429,53799,464
2429,53799,565
2430,53815,132
2430,53815,222
2430,53815,275
2430,53815,610
2432,54052,220
2433,53820,312
2433,53820,456
2443,54082,178
2444,54082,515
2516,54240,21
2516,54240,303
2516,54240,330
2516,54240,407
2516,54240,424
2516,54240,472
2516,54240,473
2516,54240,476
2516,54240,562
2516,54240,575
2516,54240,584
2516,54240,619
2517,54567,103
2517,54567,320
2517,54567,509
2517,54567,510
2518,54243,575
2519,54570,231
2519,54570,282
2519,54570,313
2519,54570,617
2520,54584,4
2520,54584,323
2520,54584,413
2521,54538,161
2521,54538,244
2521,54538,622
2522,54570,304
2523,54572,484
2525,54569,299
2527,54569,141
2527,54569,469
2528,54571,262
2528,54571,445
2528,54571,559
2529,54585,400
2530,53881,171
2530,53881,587
2531,54572,233
2532,54589,134
2532,54589,218
2532,54589,281
2533,54585,405
2533,54585,448
2533,54585,628
2549,54523,61
2549,54523,399
2570,54081,9
2570,54081,45
2570,54081,592
2571,54055,25
2571,54055,292
2571,54055,588
2571,54055,602
2572,54056,189
2572,54056,411
2572,54056,609
2573,54061,34
2573,54061,35
2574,54084,329
2574,54084,565
2634,54110,266
2671,54141,383
2671,54141,480
2674,54097,454
2694,54199,173
2695,54409,484
2700,54417,632
2744,54272,30
2744,54272,210
2745,54231,398
2745,54231,511
2745,54231,618
2746,54232,52
2746,54232,508
2747,54233,24
2747,54233,564
2747,54233,569
2748,54234,346
2748,54234,569
2749,54241,6
2749,54241,299
2749,54241,470
2749,54241,635
2750,54242,84
2751,54243,340
2751,54243,345
2751,54243,493
2751,54243,557
2751,54243,607
2753,54234,95
2753,54234,279
2754,54240,24
2758,54523,121
2758,54523,136
2758,54523,296
2758,54523,484
2759,54534,66
2759,54534,198
2759,54534,243
2759,54534,359
2759,54534,606
2759,54534,632
2760,54506,74
2760,54506,308
2760,54506,553
2761,54534,81
2762,54533,636
2763,54507,57
2763,54507,243
2763,54507,286
2763,54507,455
2764,54535,341
2764,54535,489
2764,54535,576
2765,54535,49
2765,54535,253
2765,54535,346
2765,54535,393
2765,54535,555
2766,54242,3
2766,54242,12
2767,54243,352
2767,54243,373
2767,54243,493
2767,54243,602
2768,54265,104
2768,54265,329
2772,54529,598
2773,54533,71
2773,54533,80
2773,54533,96
2773,54533,147
2774,54534,51
2774,54534,147
2774,54534,359
2774,54534,624
2775,54535,477
2776,54554,495
2776,54554,561
2777,54554,383
2777,54554,539
2778,54539,12
2778,54539,49
2778,54539,135
2778,54539,242
2778,54539,591
2779,54540,308
2779,54540,376
2779,54540,405
2779,54540,495
2779,54540,503
2779,54540,596
2780,54557,152
2780,54557,268
2780,54557,275
2780,54557,319
2781,54266,28
2781,54266,114
2781,54266,350
2781,54266,394
2781,54266,563
2782,54592,222
2782,54592,295
2782,54592,356
2786,54540,87
2786,54540,104
2786,54540,166
2786,54540,488
2786,54540,589
2788,54553,97
2788,54553,347
2788,54553,387
2789,54555,78
2789,54555,154
2789,54555,346
2789,54555,566
2790,54555,49
2790,54555,467
2791,54556,607
2792,54556,499
2792,54556,635
2793,54271,89
2793,54271,129
2794,54537,187
2794,54537,352
2794,54537,354
2794,54537,551
2795,54563,353
2795,54563,487
2795,54563,513
2795,54563,629
2882,54498,476
2884,54526,54
2884,54526,249
2884,54526,527
2909,54653,222
2948,54553,315
2948,54553,366
2948,54553,608
2949,54557,331
2950,54559,161
2951,54592,370
2951,54592,443
2951,54592,518
2952,54559,88
2952,54559,409
2952,54559,539
2953,54560,139
2953,54560,414
2953,54560,583
2954,54561,96
2954,54561,142
2955,54562,227
2955,54562,289
2955,54562,438
2960,54561,231
2961,54550,559
2968,54585,356
2968,54585,495
2969,54586,11
2969,54586,180
2969,54586,387
2969,54586,450
2970,54589,1
2970,54589,103
2970,54589,364
2970,54589,503
2971,54590,4
2972,54586,125
2972,54586,271
2973,54591,103
2973,54591,165
2973,54591,420
2973,54591,446
2973,54591,554
2974,54592,416
