status,chimera_id,row_index,cosmos_id,dr7q_spectrum_id,chimera_redshift,dr7q_redshift,chimera_qso_weight,source_spectrum_path,reason
rejected,105005.63+645655.5_532692_0.001,154,532692,489-51930-28,0.3711000084877014,0.37390000000000007,0.001,/home/nicho/GRAHSP_my/My-AGN-research-repository/spectra_workflow/outputs/all_chimera_spectra/spectra/105005.63+645655.5_532692_0.001_spectrum.ecsv,ValueError: median spectrum/photometry scale 0.161422 is outside allowed range
rejected,082935.45+364912.6_518038_0.0003,164,518038,827-52312-145,0.652899980545044,0.6450000000000001,0.0003,/home/nicho/GRAHSP_my/My-AGN-research-repository/spectra_workflow/outputs/all_chimera_spectra/spectra/082935.45+364912.6_518038_0.0003_spectrum.ecsv,ValueError: median spectrum/photometry scale 0.183977 is outside allowed range
rejected,084746.25+573856.6_506187_0.0003,198,506187,1784-54425-600,0.6643000245094299,0.661,0.0003,/home/nicho/GRAHSP_my/My-AGN-research-repository/spectra_workflow/outputs/all_chimera_spectra/spectra/084746.25+573856.6_506187_0.0003_spectrum.ecsv,ValueError: median spectrum/photometry scale 0.110687 is outside allowed range
rejected,094709.46+471049.8_518354_0.0001,307,518354,1005-52703-255,0.8109999895095825,0.8131,0.0001,/home/nicho/GRAHSP_my/My-AGN-research-repository/spectra_workflow/outputs/all_chimera_spectra/spectra/094709.46+471049.8_518354_0.0001_spectrum.ecsv,ValueError: median spectrum/photometry scale 0.196746 is outside allowed range
rejected,083222.38+245649.6_477663_0.0003,404,477663,1928-53327-460,0.3328000009059906,0.3289,0.0003,/home/nicho/GRAHSP_my/My-AGN-research-repository/spectra_workflow/outputs/all_chimera_spectra/spectra/083222.38+245649.6_477663_0.0003_spectrum.ecsv,ValueError: median spectrum/photometry scale 0.143835 is outside allowed range
rejected,085016.57+593755.8_789792_0.0001,526,789792,1785-54439-440,0.5015000104904175,0.49280000000000007,0.0001,/home/nicho/GRAHSP_my/My-AGN-research-repository/spectra_workflow/outputs/all_chimera_spectra/spectra/085016.57+593755.8_789792_0.0001_spectrum.ecsv,ValueError: median spectrum/photometry scale 0.153477 is outside allowed range
rejected,164805.75+245455.6_647235_0.0003,837,647235,1423-53167-12,0.24719999730587006,0.24670000000000003,0.0003,/home/nicho/GRAHSP_my/My-AGN-research-repository/spectra_workflow/outputs/all_chimera_spectra/spectra/164805.75+245455.6_647235_0.0003_spectrum.ecsv,ValueError: median spectrum/photometry scale 0.185989 is outside allowed range
rejected,084925.42+290033.4_936379_0.001,968,936379,1588-52965-578,0.47040000557899475,0.48030000000000006,0.001,/home/nicho/GRAHSP_my/My-AGN-research-repository/spectra_workflow/outputs/all_chimera_spectra/spectra/084925.42+290033.4_936379_0.001_spectrum.ecsv,ValueError: median spectrum/photometry scale 0.0789365 is outside allowed range
rejected,091706.45+563734.0_936379_0.0003,996,936379,451-51908-438,0.47040000557899475,0.4761000000000001,0.0003,/home/nicho/GRAHSP_my/My-AGN-research-repository/spectra_workflow/outputs/all_chimera_spectra/spectra/091706.45+563734.0_936379_0.0003_spectrum.ecsv,ValueError: median spectrum/photometry scale 0.111586 is outside allowed range
rejected,143730.21+082700.6_820123_0.0001,1153,820123,1813-53903-357,1.1759999990463257,1.1669,0.0001,/home/nicho/GRAHSP_my/My-AGN-research-repository/spectra_workflow/outputs/all_chimera_spectra/spectra/143730.21+082700.6_820123_0.0001_spectrum.ecsv,ValueError: median spectrum/photometry scale 41.5325 is outside allowed range
rejected,161614.28+422209.7_820123_0.0003,1310,820123,1171-52753-362,1.1759999990463257,1.173,0.0003,/home/nicho/GRAHSP_my/My-AGN-research-repository/spectra_workflow/outputs/all_chimera_spectra/spectra/161614.28+422209.7_820123_0.0003_spectrum.ecsv,ValueError: median spectrum/photometry scale 40.9468 is outside allowed range
rejected,083346.15+165304.8_851764_1,1362,851764,2276-53712-514,0.8899999856948853,0.8931000000000001,1.0,/home/nicho/GRAHSP_my/My-AGN-research-repository/spectra_workflow/outputs/all_chimera_spectra/spectra/083346.15+165304.8_851764_1_spectrum.ecsv,ValueError: median spectrum/photometry scale 5.60416 is outside allowed range
rejected,134713.20-024233.3_789792_0.0003,1412,789792,913-52433-159,0.5015000104904175,0.5112000000000001,0.0003,/home/nicho/GRAHSP_my/My-AGN-research-repository/spectra_workflow/outputs/all_chimera_spectra/spectra/134713.20-024233.3_789792_0.0003_spectrum.ecsv,ValueError: median spectrum/photometry scale 0.160741 is outside allowed range
rejected,141010.75+114158.4_789792_0.001,1554,789792,1705-53848-372,0.5015000104904175,0.49810000000000004,0.001,/home/nicho/GRAHSP_my/My-AGN-research-repository/spectra_workflow/outputs/all_chimera_spectra/spectra/141010.75+114158.4_789792_0.001_spectrum.ecsv,ValueError: median spectrum/photometry scale 0.174842 is outside allowed range
rejected,081527.70+453452.6_789792_0.001,1576,789792,441-51868-275,0.5015000104904175,0.5023000000000001,0.001,/home/nicho/GRAHSP_my/My-AGN-research-repository/spectra_workflow/outputs/all_chimera_spectra/spectra/081527.70+453452.6_789792_0.001_spectrum.ecsv,ValueError: median spectrum/photometry scale 0.165139 is outside allowed range
rejected,075352.98+315341.6_789792_0.0003,1634,789792,890-52583-112,0.5015000104904175,0.49380000000000007,0.0003,/home/nicho/GRAHSP_my/My-AGN-research-repository/spectra_workflow/outputs/all_chimera_spectra/spectra/075352.98+315341.6_789792_0.0003_spectrum.ecsv,ValueError: median spectrum/photometry scale 0.160671 is outside allowed range
rejected,144430.21+000949.3_497850_1,1998,497850,307-51663-640,0.6378999948501587,0.6308,1.0,/home/nicho/GRAHSP_my/My-AGN-research-repository/spectra_workflow/outputs/all_chimera_spectra/spectra/144430.21+000949.3_497850_1_spectrum.ecsv,ValueError: only 0 overlapping photometry bands; need 1
rejected,143001.76-021717.7_505374_0.0001,2676,505374,919-52409-307,0.28450000286102295,0.2901,0.0001,/home/nicho/GRAHSP_my/My-AGN-research-repository/spectra_workflow/outputs/all_chimera_spectra/spectra/143001.76-021717.7_505374_0.0001_spectrum.ecsv,ValueError: median spectrum/photometry scale 0.195146 is outside allowed range
rejected,153341.95+143707.0_477663_0.001,2798,477663,2782-54592-236,0.3328000009059906,0.34140000000000004,0.001,/home/nicho/GRAHSP_my/My-AGN-research-repository/spectra_workflow/outputs/all_chimera_spectra/spectra/153341.95+143707.0_477663_0.001_spectrum.ecsv,ValueError: median spectrum/photometry scale 0.1904 is outside allowed range
rejected,084600.36+070424.6_477663_0.0003,2857,477663,1298-52964-155,0.3328000009059906,0.342,0.0003,/home/nicho/GRAHSP_my/My-AGN-research-repository/spectra_workflow/outputs/all_chimera_spectra/spectra/084600.36+070424.6_477663_0.0003_spectrum.ecsv,ValueError: median spectrum/photometry scale 0.178464 is outside allowed range
rejected,082054.81+100609.4_368004_1,4242,368004,2423-54149-216,0.9627000093460083,0.9556000000000001,1.0,/home/nicho/GRAHSP_my/My-AGN-research-repository/spectra_workflow/outputs/all_chimera_spectra/spectra/082054.81+100609.4_368004_1_spectrum.ecsv,ValueError: median spectrum/photometry scale 0.134142 is outside allowed range
rejected,083950.18+432941.4_754336_0.0003,5723,754336,762-52232-65,0.5526999831199646,0.5566000000000001,0.0003,/home/nicho/GRAHSP_my/My-AGN-research-repository/spectra_workflow/outputs/all_chimera_spectra/spectra/083950.18+432941.4_754336_0.0003_spectrum.ecsv,ValueError: median spectrum/photometry scale 0.191081 is outside allowed range
rejected,150507.66+242504.0_754336_0.0003,8023,754336,2149-54509-33,0.5526999831199646,0.5596000000000001,0.0003,/home/nicho/GRAHSP_my/My-AGN-research-repository/spectra_workflow/outputs/all_chimera_spectra/spectra/150507.66+242504.0_754336_0.0003_spectrum.ecsv,ValueError: median spectrum/photometry scale 0.190424 is outside allowed range
rejected,081625.05+231323.2_754336_0.0003,8028,754336,1585-52962-88,0.5526999831199646,0.5515000000000001,0.0003,/home/nicho/GRAHSP_my/My-AGN-research-repository/spectra_workflow/outputs/all_chimera_spectra/spectra/081625.05+231323.2_754336_0.0003_spectrum.ecsv,ValueError: median spectrum/photometry scale 0.190225 is outside allowed range
rejected,082815.67+440611.2_804317_0.03,8473,804317,548-51986-74,0.3319999873638153,0.338,0.03,/home/nicho/GRAHSP_my/My-AGN-research-repository/spectra_workflow/outputs/all_chimera_spectra/spectra/082815.67+440611.2_804317_0.03_spectrum.ecsv,ValueError: median spectrum/photometry scale 0.132777 is outside allowed range
rejected,085700.04+353433.5_804317_0.0003,8488,804317,1211-52964-380,0.3319999873638153,0.3284,0.0003,/home/nicho/GRAHSP_my/My-AGN-research-repository/spectra_workflow/outputs/all_chimera_spectra/spectra/085700.04+353433.5_804317_0.0003_spectrum.ecsv,ValueError: median spectrum/photometry scale 0.0506429 is outside allowed range
rejected,150231.12+400613.2_804317_0.0001,8494,804317,1398-53146-508,0.3319999873638153,0.34130000000000005,0.0001,/home/nicho/GRAHSP_my/My-AGN-research-repository/spectra_workflow/outputs/all_chimera_spectra/spectra/150231.12+400613.2_804317_0.0001_spectrum.ecsv,ValueError: median spectrum/photometry scale 0.0662955 is outside allowed range
rejected,090317.77+312604.0_804317_0.03,8495,804317,1591-52976-295,0.3319999873638153,0.33940000000000003,0.03,/home/nicho/GRAHSP_my/My-AGN-research-repository/spectra_workflow/outputs/all_chimera_spectra/spectra/090317.77+312604.0_804317_0.03_spectrum.ecsv,ValueError: median spectrum/photometry scale 0.142566 is outside allowed range
rejected,135457.26-003406.4_809638_0.0001,8523,809638,301-51942-271,0.9290000200271606,0.9342000000000001,0.0001,/home/nicho/GRAHSP_my/My-AGN-research-repository/spectra_workflow/outputs/all_chimera_spectra/spectra/135457.26-003406.4_809638_0.0001_spectrum.ecsv,ValueError: median spectrum/photometry scale 5.24406 is outside allowed range
rejected,074242.18+374402.0_810483_0.0003,8524,810483,433-51873-228,0.796999990940094,0.8057000000000001,0.0003,/home/nicho/GRAHSP_my/My-AGN-research-repository/spectra_workflow/outputs/all_chimera_spectra/spectra/074242.18+374402.0_810483_0.0003_spectrum.ecsv,ValueError: median spectrum/photometry scale 10.6936 is outside allowed range
rejected,161709.25+335443.7_810483_0.0003,8525,810483,1683-53436-69,0.796999990940094,0.7946000000000001,0.0003,/home/nicho/GRAHSP_my/My-AGN-research-repository/spectra_workflow/outputs/all_chimera_spectra/spectra/161709.25+335443.7_810483_0.0003_spectrum.ecsv,ValueError: median spectrum/photometry scale 10.8766 is outside allowed range
rejected,085317.82+281349.9_809638_0.0001,8526,809638,1934-53357-320,0.9290000200271606,0.9200000000000002,0.0001,/home/nicho/GRAHSP_my/My-AGN-research-repository/spectra_workflow/outputs/all_chimera_spectra/spectra/085317.82+281349.9_809638_0.0001_spectrum.ecsv,ValueError: median spectrum/photometry scale 5.54902 is outside allowed range
rejected,084949.97+095033.7_836526_0.0001,8783,836526,1760-53086-408,2.795599937438965,2.8055000000000003,0.0001,/home/nicho/GRAHSP_my/My-AGN-research-repository/spectra_workflow/outputs/all_chimera_spectra/spectra/084949.97+095033.7_836526_0.0001_spectrum.ecsv,ValueError: median spectrum/photometry scale 6.65232 is outside allowed range
rejected,101725.88+611627.5_836526_0.0003,8805,836526,771-52370-155,2.795599937438965,2.8052,0.0003,/home/nicho/GRAHSP_my/My-AGN-research-repository/spectra_workflow/outputs/all_chimera_spectra/spectra/101725.88+611627.5_836526_0.0003_spectrum.ecsv,ValueError: median spectrum/photometry scale 5.79776 is outside allowed range
rejected,154621.59+020102.9_836526_0.0003,8808,836526,2955-54562-620,2.795599937438965,2.8017000000000003,0.0003,/home/nicho/GRAHSP_my/My-AGN-research-repository/spectra_workflow/outputs/all_chimera_spectra/spectra/154621.59+020102.9_836526_0.0003_spectrum.ecsv,ValueError: median spectrum/photometry scale 5.30578 is outside allowed range
rejected,154621.59+020102.9_836526_0.0001,8842,836526,2955-54562-620,2.795599937438965,2.8017000000000003,0.0001,/home/nicho/GRAHSP_my/My-AGN-research-repository/spectra_workflow/outputs/all_chimera_spectra/spectra/154621.59+020102.9_836526_0.0001_spectrum.ecsv,ValueError: median spectrum/photometry scale 6.40176 is outside allowed range
rejected,142903.03-014519.3_840398_0.0003,8856,840398,918-52404-509,3.393199920654297,3.3991000000000002,0.0003,/home/nicho/GRAHSP_my/My-AGN-research-repository/spectra_workflow/outputs/all_chimera_spectra/spectra/142903.03-014519.3_840398_0.0003_spectrum.ecsv,ValueError: median spectrum/photometry scale 6650.03 is outside allowed range
rejected,152137.53+272825.1_836526_0.0003,8862,836526,1846-54173-130,2.795599937438965,2.7904000000000004,0.0003,/home/nicho/GRAHSP_my/My-AGN-research-repository/spectra_workflow/outputs/all_chimera_spectra/spectra/152137.53+272825.1_836526_0.0003_spectrum.ecsv,ValueError: median spectrum/photometry scale 5.28498 is outside allowed range
rejected,084604.13+195730.4_851764_0.3,8872,851764,2280-53680-254,0.8899999856948853,0.8865000000000001,0.3,/home/nicho/GRAHSP_my/My-AGN-research-repository/spectra_workflow/outputs/all_chimera_spectra/spectra/084604.13+195730.4_851764_0.3_spectrum.ecsv,ValueError: median spectrum/photometry scale 38.4866 is outside allowed range
rejected,082054.81+100609.4_455224_0.3,9538,455224,2423-54149-216,0.9574000239372253,0.9556000000000001,0.3,/home/nicho/GRAHSP_my/My-AGN-research-repository/spectra_workflow/outputs/all_chimera_spectra/spectra/082054.81+100609.4_455224_0.3_spectrum.ecsv,ValueError: median spectrum/photometry scale 0.189156 is outside allowed range
rejected,152137.53+272825.1_836526_0.0001,17651,836526,1846-54173-130,2.795599937438965,2.7904000000000004,0.0001,/home/nicho/GRAHSP_my/My-AGN-research-repository/spectra_workflow/outputs/all_chimera_spectra/spectra/152137.53+272825.1_836526_0.0001_spectrum.ecsv,ValueError: median spectrum/photometry scale 6.38794 is outside allowed range
rejected,102649.60+582101.7_836526_0.0003,17654,836526,559-52316-1,2.795599937438965,2.7946000000000004,0.0003,/home/nicho/GRAHSP_my/My-AGN-research-repository/spectra_workflow/outputs/all_chimera_spectra/spectra/102649.60+582101.7_836526_0.0003_spectrum.ecsv,ValueError: median spectrum/photometry scale 5.86944 is outside allowed range
rejected,152856.27+150452.4_840398_0.003,17660,840398,2767-54243-622,3.393199920654297,3.3887000000000005,0.003,/home/nicho/GRAHSP_my/My-AGN-research-repository/spectra_workflow/outputs/all_chimera_spectra/spectra/152856.27+150452.4_840398_0.003_spectrum.ecsv,ValueError: median spectrum/photometry scale 3464.94 is outside allowed range
rejected,155458.93+150101.7_836526_0.0001,17666,836526,2521-54538-232,2.795599937438965,2.8043000000000005,0.0001,/home/nicho/GRAHSP_my/My-AGN-research-repository/spectra_workflow/outputs/all_chimera_spectra/spectra/155458.93+150101.7_836526_0.0001_spectrum.ecsv,ValueError: median spectrum/photometry scale 6.32254 is outside allowed range
rejected,151321.78+073350.3_836526_0.0001,17678,836526,1817-53851-509,2.795599937438965,2.8023000000000002,0.0001,/home/nicho/GRAHSP_my/My-AGN-research-repository/spectra_workflow/outputs/all_chimera_spectra/spectra/151321.78+073350.3_836526_0.0001_spectrum.ecsv,ValueError: median spectrum/photometry scale 6.23681 is outside allowed range
rejected,083858.68+172307.5_840398_0.003,17710,840398,2278-53711-473,3.393199920654297,3.3935000000000004,0.003,/home/nicho/GRAHSP_my/My-AGN-research-repository/spectra_workflow/outputs/all_chimera_spectra/spectra/083858.68+172307.5_840398_0.003_spectrum.ecsv,ValueError: median spectrum/photometry scale 4983.05 is outside allowed range
rejected,162816.24+251340.7_840398_0.001,17720,840398,1573-53226-482,3.393199920654297,3.3860000000000006,0.001,/home/nicho/GRAHSP_my/My-AGN-research-repository/spectra_workflow/outputs/all_chimera_spectra/spectra/162816.24+251340.7_840398_0.001_spectrum.ecsv,ValueError: median spectrum/photometry scale 6000.61 is outside allowed range
rejected,152806.63+132345.8_838153_0.0001,17873,838153,2768-54265-310,0.6669999957084656,0.6755000000000001,0.0001,/home/nicho/GRAHSP_my/My-AGN-research-repository/spectra_workflow/outputs/all_chimera_spectra/spectra/152806.63+132345.8_838153_0.0001_spectrum.ecsv,ValueError: median spectrum/photometry scale 5.32077 is outside allowed range
rejected,145919.96+073634.7_836526_0.0003,17877,836526,1815-53884-228,2.795599937438965,2.7895000000000003,0.0003,/home/nicho/GRAHSP_my/My-AGN-research-repository/spectra_workflow/outputs/all_chimera_spectra/spectra/145919.96+073634.7_836526_0.0003_spectrum.ecsv,ValueError: median spectrum/photometry scale 5.826 is outside allowed range
rejected,170207.03+221357.7_820123_0.03,17902,820123,1415-52885-640,1.1759999990463257,1.1801000000000001,0.03,/home/nicho/GRAHSP_my/My-AGN-research-repository/spectra_workflow/outputs/all_chimera_spectra/spectra/170207.03+221357.7_820123_0.03_spectrum.ecsv,ValueError: median spectrum/photometry scale 7.3916 is outside allowed range
rejected,080635.63+524314.7_810483_0.0001,17913,810483,1870-53383-40,0.796999990940094,0.7962000000000001,0.0001,/home/nicho/GRAHSP_my/My-AGN-research-repository/spectra_workflow/outputs/all_chimera_spectra/spectra/080635.63+524314.7_810483_0.0001_spectrum.ecsv,ValueError: median spectrum/photometry scale 10.938 is outside allowed range
rejected,084209.16+311855.7_810483_0.0001,17914,810483,1209-52674-46,0.796999990940094,0.8067000000000001,0.0001,/home/nicho/GRAHSP_my/My-AGN-research-repository/spectra_workflow/outputs/all_chimera_spectra/spectra/084209.16+311855.7_810483_0.0001_spectrum.ecsv,ValueError: median spectrum/photometry scale 11.0766 is outside allowed range
rejected,155012.44+350825.3_810798_0.0003,17917,810798,1417-53141-267,0.3700000047683716,0.37070000000000003,0.0003,/home/nicho/GRAHSP_my/My-AGN-research-repository/spectra_workflow/outputs/all_chimera_spectra/spectra/155012.44+350825.3_810798_0.0003_spectrum.ecsv,ValueError: median spectrum/photometry scale 15.7259 is outside allowed range
rejected,085231.90+313615.8_810483_0.0003,17918,810483,1270-52991-585,0.796999990940094,0.7986000000000001,0.0003,/home/nicho/GRAHSP_my/My-AGN-research-repository/spectra_workflow/outputs/all_chimera_spectra/spectra/085231.90+313615.8_810483_0.0003_spectrum.ecsv,ValueError: median spectrum/photometry scale 11.1359 is outside allowed range
rejected,143011.19+070700.9_809638_0.0001,17919,809638,1812-53795-212,0.9290000200271606,0.937,0.0001,/home/nicho/GRAHSP_my/My-AGN-research-repository/spectra_workflow/outputs/all_chimera_spectra/spectra/143011.19+070700.9_809638_0.0001_spectrum.ecsv,ValueError: median spectrum/photometry scale 5.62145 is outside allowed range
rejected,082954.04+052403.3_809638_0.0003,17920,809638,1186-52646-338,0.9290000200271606,0.9292000000000001,0.0003,/home/nicho/GRAHSP_my/My-AGN-research-repository/spectra_workflow/outputs/all_chimera_spectra/spectra/082954.04+052403.3_809638_0.0003_spectrum.ecsv,ValueError: median spectrum/photometry scale 5.47518 is outside allowed range
rejected,011529.24+321114.9_810483_0.0001,17921,810483,2061-53711-352,0.796999990940094,0.7914000000000001,0.0001,/home/nicho/GRAHSP_my/My-AGN-research-repository/spectra_workflow/outputs/all_chimera_spectra/spectra/011529.24+321114.9_810483_0.0001_spectrum.ecsv,ValueError: median spectrum/photometry scale 11.1463 is outside allowed range
rejected,143357.18+052950.8_809638_0.0003,17922,809638,1828-53504-260,0.9290000200271606,0.9291000000000001,0.0003,/home/nicho/GRAHSP_my/My-AGN-research-repository/spectra_workflow/outputs/all_chimera_spectra/spectra/143357.18+052950.8_809638_0.0003_spectrum.ecsv,ValueError: median spectrum/photometry scale 5.46237 is outside allowed range
rejected,100542.28+682407.9_809638_0.0003,17923,809638,1879-54478-61,0.9290000200271606,0.9262000000000001,0.0003,/home/nicho/GRAHSP_my/My-AGN-research-repository/spectra_workflow/outputs/all_chimera_spectra/spectra/100542.28+682407.9_809638_0.0003_spectrum.ecsv,ValueError: median spectrum/photometry scale 5.40343 is outside allowed range
rejected,154916.07+412707.2_809638_0.0003,17924,809638,1053-52468-106,0.9290000200271606,0.9366000000000001,0.0003,/home/nicho/GRAHSP_my/My-AGN-research-repository/spectra_workflow/outputs/all_chimera_spectra/spectra/154916.07+412707.2_809638_0.0003_spectrum.ecsv,ValueError: median spectrum/photometry scale 5.44941 is outside allowed range
rejected,080612.58+175258.3_810798_0.001,17926,810798,1923-53319-105,0.3700000047683716,0.37400000000000005,0.001,/home/nicho/GRAHSP_my/My-AGN-research-repository/spectra_workflow/outputs/all_chimera_spectra/spectra/080612.58+175258.3_810798_0.001_spectrum.ecsv,ValueError: median spectrum/photometry scale 12.3313 is outside allowed range
rejected,084923.57+370338.9_810483_0.0001,17928,810483,935-52643-342,0.796999990940094,0.8001000000000001,0.0001,/home/nicho/GRAHSP_my/My-AGN-research-repository/spectra_workflow/outputs/all_chimera_spectra/spectra/084923.57+370338.9_810483_0.0001_spectrum.ecsv,ValueError: median spectrum/photometry scale 11.1234 is outside allowed range
rejected,162632.59+132240.1_809638_0.0003,17929,809638,2202-53566-43,0.9290000200271606,0.9288000000000001,0.0003,/home/nicho/GRAHSP_my/My-AGN-research-repository/spectra_workflow/outputs/all_chimera_spectra/spectra/162632.59+132240.1_809638_0.0003_spectrum.ecsv,ValueError: median spectrum/photometry scale 5.44511 is outside allowed range
rejected,072638.22+390502.6_810483_0.0003,17930,810483,1733-53047-435,0.796999990940094,0.8067000000000001,0.0003,/home/nicho/GRAHSP_my/My-AGN-research-repository/spectra_workflow/outputs/all_chimera_spectra/spectra/072638.22+390502.6_810483_0.0003_spectrum.ecsv,ValueError: median spectrum/photometry scale 10.763 is outside allowed range
rejected,083044.02+142423.6_810798_0.003,17931,810798,2425-54139-452,0.3700000047683716,0.36460000000000004,0.003,/home/nicho/GRAHSP_my/My-AGN-research-repository/spectra_workflow/outputs/all_chimera_spectra/spectra/083044.02+142423.6_810798_0.003_spectrum.ecsv,ValueError: median spectrum/photometry scale 9.29401 is outside allowed range
rejected,074102.60+374508.3_810483_0.001,17934,810483,431-51877-639,0.796999990940094,0.8034000000000001,0.001,/home/nicho/GRAHSP_my/My-AGN-research-repository/spectra_workflow/outputs/all_chimera_spectra/spectra/074102.60+374508.3_810483_0.001_spectrum.ecsv,ValueError: median spectrum/photometry scale 10.5895 is outside allowed range
rejected,090025.97+465003.0_810798_0.001,17940,810798,764-52238-1,0.3700000047683716,0.37720000000000004,0.001,/home/nicho/GRAHSP_my/My-AGN-research-repository/spectra_workflow/outputs/all_chimera_spectra/spectra/090025.97+465003.0_810798_0.001_spectrum.ecsv,ValueError: median spectrum/photometry scale 12.9581 is outside allowed range
rejected,143525.94+141426.5_810483_0.0001,17944,810483,2747-54233-12,0.796999990940094,0.8063000000000001,0.0001,/home/nicho/GRAHSP_my/My-AGN-research-repository/spectra_workflow/outputs/all_chimera_spectra/spectra/143525.94+141426.5_810483_0.0001_spectrum.ecsv,ValueError: median spectrum/photometry scale 11.2135 is outside allowed range
rejected,150209.87+141556.7_820123_0.003,18245,820123,2751-54243-458,1.1759999990463257,1.1767,0.003,/home/nicho/GRAHSP_my/My-AGN-research-repository/spectra_workflow/outputs/all_chimera_spectra/spectra/150209.87+141556.7_820123_0.003_spectrum.ecsv,ValueError: median spectrum/photometry scale 27.4684 is outside allowed range
rejected,145031.13+224547.7_820123_0.003,18261,820123,2144-53770-482,1.1759999990463257,1.1853000000000002,0.003,/home/nicho/GRAHSP_my/My-AGN-research-repository/spectra_workflow/outputs/all_chimera_spectra/spectra/145031.13+224547.7_820123_0.003_spectrum.ecsv,ValueError: median spectrum/photometry scale 28.1212 is outside allowed range
rejected,154041.20+315357.3_820123_0.003,18267,820123,1580-53145-360,1.1759999990463257,1.1847,0.003,/home/nicho/GRAHSP_my/My-AGN-research-repository/spectra_workflow/outputs/all_chimera_spectra/spectra/154041.20+315357.3_820123_0.003_spectrum.ecsv,ValueError: median spectrum/photometry scale 26.9109 is outside allowed range
rejected,074030.88+392119.5_820123_0.003,18269,820123,432-51884-90,1.1759999990463257,1.1771,0.003,/home/nicho/GRAHSP_my/My-AGN-research-repository/spectra_workflow/outputs/all_chimera_spectra/spectra/074030.88+392119.5_820123_0.003_spectrum.ecsv,ValueError: median spectrum/photometry scale 27.8417 is outside allowed range
rejected,145926.71+113039.4_810483_0.0001,18276,810483,1716-53827-172,0.796999990940094,0.8053000000000001,0.0001,/home/nicho/GRAHSP_my/My-AGN-research-repository/spectra_workflow/outputs/all_chimera_spectra/spectra/145926.71+113039.4_810483_0.0001_spectrum.ecsv,ValueError: median spectrum/photometry scale 11.1406 is outside allowed range
rejected,144059.49+015744.2_810483_0.0003,18277,810483,536-52024-560,0.796999990940094,0.7939,0.0003,/home/nicho/GRAHSP_my/My-AGN-research-repository/spectra_workflow/outputs/all_chimera_spectra/spectra/144059.49+015744.2_810483_0.0003_spectrum.ecsv,ValueError: median spectrum/photometry scale 10.8649 is outside allowed range
rejected,154850.20+005549.0_810798_0.0003,18280,810798,342-51691-538,0.3700000047683716,0.3673,0.0003,/home/nicho/GRAHSP_my/My-AGN-research-repository/spectra_workflow/outputs/all_chimera_spectra/spectra/154850.20+005549.0_810798_0.0003_spectrum.ecsv,ValueError: median spectrum/photometry scale 15.5453 is outside allowed range
rejected,164158.95+455508.7_810483_0.0001,18283,810483,627-52144-26,0.796999990940094,0.8016000000000001,0.0001,/home/nicho/GRAHSP_my/My-AGN-research-repository/spectra_workflow/outputs/all_chimera_spectra/spectra/164158.95+455508.7_810483_0.0001_spectrum.ecsv,ValueError: median spectrum/photometry scale 10.6779 is outside allowed range
rejected,022754.38-073455.0_809638_0.0003,18285,809638,454-51908-525,0.9290000200271606,0.9230000000000002,0.0003,/home/nicho/GRAHSP_my/My-AGN-research-repository/spectra_workflow/outputs/all_chimera_spectra/spectra/022754.38-073455.0_809638_0.0003_spectrum.ecsv,ValueError: median spectrum/photometry scale 5.64037 is outside allowed range
rejected,164302.48+130222.2_809638_0.0003,18286,809638,2210-53535-87,0.9290000200271606,0.9350000000000002,0.0003,/home/nicho/GRAHSP_my/My-AGN-research-repository/spectra_workflow/outputs/all_chimera_spectra/spectra/164302.48+130222.2_809638_0.0003_spectrum.ecsv,ValueError: median spectrum/photometry scale 5.03607 is outside allowed range
rejected,025759.94-080705.9_810483_0.0001,18287,810483,457-51901-74,0.796999990940094,0.7992000000000001,0.0001,/home/nicho/GRAHSP_my/My-AGN-research-repository/spectra_workflow/outputs/all_chimera_spectra/spectra/025759.94-080705.9_810483_0.0001_spectrum.ecsv,ValueError: median spectrum/photometry scale 11.1208 is outside allowed range
rejected,155120.33+054915.8_809638_0.0003,18290,809638,1822-53172-247,0.9290000200271606,0.9300000000000002,0.0003,/home/nicho/GRAHSP_my/My-AGN-research-repository/spectra_workflow/outputs/all_chimera_spectra/spectra/155120.33+054915.8_809638_0.0003_spectrum.ecsv,ValueError: median spectrum/photometry scale 5.42478 is outside allowed range
rejected,164302.48+130222.2_809638_0.0001,18487,809638,2210-53535-87,0.9290000200271606,0.9350000000000002,0.0001,/home/nicho/GRAHSP_my/My-AGN-research-repository/spectra_workflow/outputs/all_chimera_spectra/spectra/164302.48+130222.2_809638_0.0001_spectrum.ecsv,ValueError: median spectrum/photometry scale 5.61365 is outside allowed range
rejected,025119.00-071059.4_809638_0.0003,18489,809638,457-51901-376,0.9290000200271606,0.9337000000000001,0.0003,/home/nicho/GRAHSP_my/My-AGN-research-repository/spectra_workflow/outputs/all_chimera_spectra/spectra/025119.00-071059.4_809638_0.0003_spectrum.ecsv,ValueError: median spectrum/photometry scale 5.48962 is outside allowed range
rejected,145845.36+340632.5_809638_0.0003,18490,809638,1384-53121-208,0.9290000200271606,0.9380000000000001,0.0003,/home/nicho/GRAHSP_my/My-AGN-research-repository/spectra_workflow/outputs/all_chimera_spectra/spectra/145845.36+340632.5_809638_0.0003_spectrum.ecsv,ValueError: median spectrum/photometry scale 5.46765 is outside allowed range
rejected,160840.55+301326.7_810483_0.0001,18493,810483,1405-52826-53,0.796999990940094,0.7949,0.0001,/home/nicho/GRAHSP_my/My-AGN-research-repository/spectra_workflow/outputs/all_chimera_spectra/spectra/160840.55+301326.7_810483_0.0001_spectrum.ecsv,ValueError: median spectrum/photometry scale 10.5333 is outside allowed range
rejected,084842.26+175145.5_809638_0.0003,18496,809638,2281-53711-302,0.9290000200271606,0.9293000000000001,0.0003,/home/nicho/GRAHSP_my/My-AGN-research-repository/spectra_workflow/outputs/all_chimera_spectra/spectra/084842.26+175145.5_809638_0.0003_spectrum.ecsv,ValueError: median spectrum/photometry scale 5.28678 is outside allowed range
rejected,082808.95+455638.0_810483_0.0003,18497,810483,548-51986-506,0.796999990940094,0.7964000000000001,0.0003,/home/nicho/GRAHSP_my/My-AGN-research-repository/spectra_workflow/outputs/all_chimera_spectra/spectra/082808.95+455638.0_810483_0.0003_spectrum.ecsv,ValueError: median spectrum/photometry scale 10.4527 is outside allowed range
rejected,143821.39+094623.1_810483_0.0001,18499,810483,1711-53535-229,0.796999990940094,0.8042000000000001,0.0001,/home/nicho/GRAHSP_my/My-AGN-research-repository/spectra_workflow/outputs/all_chimera_spectra/spectra/143821.39+094623.1_810483_0.0001_spectrum.ecsv,ValueError: median spectrum/photometry scale 10.6296 is outside allowed range
rejected,143821.39+094623.1_810483_0.0003,18646,810483,1711-53535-229,0.796999990940094,0.8042000000000001,0.0003,/home/nicho/GRAHSP_my/My-AGN-research-repository/spectra_workflow/outputs/all_chimera_spectra/spectra/143821.39+094623.1_810483_0.0003_spectrum.ecsv,ValueError: median spectrum/photometry scale 10.2614 is outside allowed range
rejected,153542.39+352524.8_810483_0.0003,18649,810483,1402-52872-340,0.796999990940094,0.8038000000000001,0.0003,/home/nicho/GRAHSP_my/My-AGN-research-repository/spectra_workflow/outputs/all_chimera_spectra/spectra/153542.39+352524.8_810483_0.0003_spectrum.ecsv,ValueError: median spectrum/photometry scale 10.8486 is outside allowed range
rejected,015222.08+133415.4_810798_0.003,18650,810798,430-51877-183,0.3700000047683716,0.37710000000000005,0.003,/home/nicho/GRAHSP_my/My-AGN-research-repository/spectra_workflow/outputs/all_chimera_spectra/spectra/015222.08+133415.4_810798_0.003_spectrum.ecsv,ValueError: median spectrum/photometry scale 8.91699 is outside allowed range
rejected,143821.39+094623.1_810483_0.001,18651,810483,1711-53535-229,0.796999990940094,0.8042000000000001,0.001,/home/nicho/GRAHSP_my/My-AGN-research-repository/spectra_workflow/outputs/all_chimera_spectra/spectra/143821.39+094623.1_810483_0.001_spectrum.ecsv,ValueError: median spectrum/photometry scale 9.54437 is outside allowed range
rejected,143621.30+064548.4_810483_0.0001,18656,810483,1828-53504-471,0.796999990940094,0.8041000000000001,0.0001,/home/nicho/GRAHSP_my/My-AGN-research-repository/spectra_workflow/outputs/all_chimera_spectra/spectra/143621.30+064548.4_810483_0.0001_spectrum.ecsv,ValueError: median spectrum/photometry scale 11.0491 is outside allowed range
rejected,150649.00+072203.8_810483_0.0003,18661,810483,1816-53919-222,0.796999990940094,0.805,0.0003,/home/nicho/GRAHSP_my/My-AGN-research-repository/spectra_workflow/outputs/all_chimera_spectra/spectra/150649.00+072203.8_810483_0.0003_spectrum.ecsv,ValueError: median spectrum/photometry scale 10.8728 is outside allowed range
rejected,190150.86+791420.9_809638_0.0001,18665,809638,1857-53182-340,0.9290000200271606,0.9374000000000001,0.0001,/home/nicho/GRAHSP_my/My-AGN-research-repository/spectra_workflow/outputs/all_chimera_spectra/spectra/190150.86+791420.9_809638_0.0001_spectrum.ecsv,ValueError: median spectrum/photometry scale 5.09106 is outside allowed range
rejected,074626.61+401553.7_810483_0.0003,18668,810483,432-51884-591,0.796999990940094,0.7983000000000001,0.0003,/home/nicho/GRAHSP_my/My-AGN-research-repository/spectra_workflow/outputs/all_chimera_spectra/spectra/074626.61+401553.7_810483_0.0003_spectrum.ecsv,ValueError: median spectrum/photometry scale 10.2746 is outside allowed range
rejected,164158.95+455508.7_810483_0.0003,18669,810483,627-52144-26,0.796999990940094,0.8016000000000001,0.0003,/home/nicho/GRAHSP_my/My-AGN-research-repository/spectra_workflow/outputs/all_chimera_spectra/spectra/164158.95+455508.7_810483_0.0003_spectrum.ecsv,ValueError: median spectrum/photometry scale 10.3965 is outside allowed range
rejected,153526.16+403900.6_810483_0.0001,18670,810483,1679-53149-147,0.796999990940094,0.7967000000000001,0.0001,/home/nicho/GRAHSP_my/My-AGN-research-repository/spectra_workflow/outputs/all_chimera_spectra/spectra/153526.16+403900.6_810483_0.0001_spectrum.ecsv,ValueError: median spectrum/photometry scale 10.673 is outside allowed range
rejected,164002.49+273157.0_809638_0.0003,18677,809638,2948-54553-34,0.9290000200271606,0.9254000000000001,0.0003,/home/nicho/GRAHSP_my/My-AGN-research-repository/spectra_workflow/outputs/all_chimera_spectra/spectra/164002.49+273157.0_809638_0.0003_spectrum.ecsv,ValueError: median spectrum/photometry scale 5.05215 is outside allowed range
rejected,074102.60+374508.3_810483_0.0001,18679,810483,431-51877-639,0.796999990940094,0.8034000000000001,0.0001,/home/nicho/GRAHSP_my/My-AGN-research-repository/spectra_workflow/outputs/all_chimera_spectra/spectra/074102.60+374508.3_810483_0.0001_spectrum.ecsv,ValueError: median spectrum/photometry scale 11.2838 is outside allowed range
rejected,155507.28+141817.9_810798_0.01,18680,810798,2519-54570-601,0.3700000047683716,0.36460000000000004,0.01,/home/nicho/GRAHSP_my/My-AGN-research-repository/spectra_workflow/outputs/all_chimera_spectra/spectra/155507.28+141817.9_810798_0.01_spectrum.ecsv,ValueError: median spectrum/photometry scale 5.05599 is outside allowed range
rejected,142100.45+211200.3_810798_0.003,18685,810798,2787-54552-289,0.3700000047683716,0.36610000000000004,0.003,/home/nicho/GRAHSP_my/My-AGN-research-repository/spectra_workflow/outputs/all_chimera_spectra/spectra/142100.45+211200.3_810798_0.003_spectrum.ecsv,ValueError: median spectrum/photometry scale 9.57263 is outside allowed range
rejected,142116.23+052252.3_809638_0.0003,19261,809638,584-52049-404,0.9290000200271606,0.9262000000000001,0.0003,/home/nicho/GRAHSP_my/My-AGN-research-repository/spectra_workflow/outputs/all_chimera_spectra/spectra/142116.23+052252.3_809638_0.0003_spectrum.ecsv,ValueError: median spectrum/photometry scale 5.12145 is outside allowed range
rejected,161118.92+154340.2_810798_0.003,19265,810798,2198-53918-367,0.3700000047683716,0.37940000000000007,0.003,/home/nicho/GRAHSP_my/My-AGN-research-repository/spectra_workflow/outputs/all_chimera_spectra/spectra/161118.92+154340.2_810798_0.003_spectrum.ecsv,ValueError: median spectrum/photometry scale 8.7081 is outside allowed range
rejected,154458.49+230810.1_810798_0.0003,19267,810798,2169-53556-391,0.3700000047683716,0.37240000000000006,0.0003,/home/nicho/GRAHSP_my/My-AGN-research-repository/spectra_workflow/outputs/all_chimera_spectra/spectra/154458.49+230810.1_810798_0.0003_spectrum.ecsv,ValueError: median spectrum/photometry scale 10.8617 is outside allowed range
rejected,091641.05+333832.0_810483_0.0003,19268,810483,1592-52990-335,0.796999990940094,0.7905000000000001,0.0003,/home/nicho/GRAHSP_my/My-AGN-research-repository/spectra_workflow/outputs/all_chimera_spectra/spectra/091641.05+333832.0_810483_0.0003_spectrum.ecsv,ValueError: median spectrum/photometry scale 10.4696 is outside allowed range
rejected,143553.39+185403.2_820123_0.001,19282,820123,2775-54535-432,1.1759999990463257,1.1689,0.001,/home/nicho/GRAHSP_my/My-AGN-research-repository/spectra_workflow/outputs/all_chimera_spectra/spectra/143553.39+185403.2_820123_0.001_spectrum.ecsv,ValueError: median spectrum/photometry scale 38.8667 is outside allowed range
rejected,170207.03+221357.7_820123_0.003,19295,820123,1415-52885-640,1.1759999990463257,1.1801000000000001,0.003,/home/nicho/GRAHSP_my/My-AGN-research-repository/spectra_workflow/outputs/all_chimera_spectra/spectra/170207.03+221357.7_820123_0.003_spectrum.ecsv,ValueError: median spectrum/photometry scale 27.3741 is outside allowed range
rejected,080353.40+143622.5_820123_0.003,19301,820123,2268-53682-336,1.1759999990463257,1.1820000000000002,0.003,/home/nicho/GRAHSP_my/My-AGN-research-repository/spectra_workflow/outputs/all_chimera_spectra/spectra/080353.40+143622.5_820123_0.003_spectrum.ecsv,ValueError: median spectrum/photometry scale 27.9538 is outside allowed range
rejected,080437.62+265448.5_820123_0.003,19303,820123,929-52581-40,1.1759999990463257,1.1718000000000002,0.003,/home/nicho/GRAHSP_my/My-AGN-research-repository/spectra_workflow/outputs/all_chimera_spectra/spectra/080437.62+265448.5_820123_0.003_spectrum.ecsv,ValueError: median spectrum/photometry scale 26.8051 is outside allowed range
rejected,172256.77+321426.0_820123_0.003,19318,820123,2974-54592-626,1.1759999990463257,1.1732000000000002,0.003,/home/nicho/GRAHSP_my/My-AGN-research-repository/spectra_workflow/outputs/all_chimera_spectra/spectra/172256.77+321426.0_820123_0.003_spectrum.ecsv,ValueError: median spectrum/photometry scale 28.1114 is outside allowed range
rejected,145919.96+073634.7_836526_0.0001,19329,836526,1815-53884-228,2.795599937438965,2.7895000000000003,0.0001,/home/nicho/GRAHSP_my/My-AGN-research-repository/spectra_workflow/outputs/all_chimera_spectra/spectra/145919.96+073634.7_836526_0.0001_spectrum.ecsv,ValueError: median spectrum/photometry scale 6.03682 is outside allowed range
rejected,083447.34+571010.1_836526_0.0001,19340,836526,1784-54425-268,2.795599937438965,2.7997000000000005,0.0001,/home/nicho/GRAHSP_my/My-AGN-research-repository/spectra_workflow/outputs/all_chimera_spectra/spectra/083447.34+571010.1_836526_0.0001_spectrum.ecsv,ValueError: median spectrum/photometry scale 6.69635 is outside allowed range
rejected,162816.24+251340.7_840398_0.003,19352,840398,1573-53226-482,3.393199920654297,3.3860000000000006,0.003,/home/nicho/GRAHSP_my/My-AGN-research-repository/spectra_workflow/outputs/all_chimera_spectra/spectra/162816.24+251340.7_840398_0.003_spectrum.ecsv,ValueError: median spectrum/photometry scale 3963.38 is outside allowed range
rejected,084847.98+464717.3_836526_0.001,19353,836526,763-52235-523,2.795599937438965,2.7871,0.001,/home/nicho/GRAHSP_my/My-AGN-research-repository/spectra_workflow/outputs/all_chimera_spectra/spectra/084847.98+464717.3_836526_0.001_spectrum.ecsv,ValueError: median spectrum/photometry scale 5.50342 is outside allowed range
rejected,084949.97+095033.7_836526_0.0003,19355,836526,1760-53086-408,2.795599937438965,2.8055000000000003,0.0003,/home/nicho/GRAHSP_my/My-AGN-research-repository/spectra_workflow/outputs/all_chimera_spectra/spectra/084949.97+095033.7_836526_0.0003_spectrum.ecsv,ValueError: median spectrum/photometry scale 5.84089 is outside allowed range
rejected,151918.86+155115.3_836526_0.001,19363,836526,2781-54266-302,2.795599937438965,2.8004000000000002,0.001,/home/nicho/GRAHSP_my/My-AGN-research-repository/spectra_workflow/outputs/all_chimera_spectra/spectra/151918.86+155115.3_836526_0.001_spectrum.ecsv,ValueError: median spectrum/photometry scale 5.03139 is outside allowed range
rejected,173100.43+572212.3_836526_0.0003,19368,836526,358-51818-420,2.795599937438965,2.8002000000000002,0.0003,/home/nicho/GRAHSP_my/My-AGN-research-repository/spectra_workflow/outputs/all_chimera_spectra/spectra/173100.43+572212.3_836526_0.0003_spectrum.ecsv,ValueError: median spectrum/photometry scale 5.24603 is outside allowed range
rejected,151625.68+325207.9_840398_0.003,19370,840398,1386-53116-188,3.393199920654297,3.3922000000000003,0.003,/home/nicho/GRAHSP_my/My-AGN-research-repository/spectra_workflow/outputs/all_chimera_spectra/spectra/151625.68+325207.9_840398_0.003_spectrum.ecsv,ValueError: median spectrum/photometry scale 4373.87 is outside allowed range
rejected,145924.24+340113.1_836526_0.0003,19377,836526,1384-53121-214,2.795599937438965,2.7898000000000005,0.0003,/home/nicho/GRAHSP_my/My-AGN-research-repository/spectra_workflow/outputs/all_chimera_spectra/spectra/145924.24+340113.1_836526_0.0003_spectrum.ecsv,ValueError: median spectrum/photometry scale 5.20522 is outside allowed range
rejected,152339.56+123813.9_836526_0.0001,19509,836526,2753-54234-555,2.795599937438965,2.7917000000000005,0.0001,/home/nicho/GRAHSP_my/My-AGN-research-repository/spectra_workflow/outputs/all_chimera_spectra/spectra/152339.56+123813.9_836526_0.0001_spectrum.ecsv,ValueError: median spectrum/photometry scale 6.06352 is outside allowed range
rejected,144051.89+063709.6_840398_0.001,19513,840398,1828-53504-622,3.393199920654297,3.3863000000000003,0.001,/home/nicho/GRAHSP_my/My-AGN-research-repository/spectra_workflow/outputs/all_chimera_spectra/spectra/144051.89+063709.6_840398_0.001_spectrum.ecsv,ValueError: median spectrum/photometry scale 6279.7 is outside allowed range
rejected,154322.60+360243.9_836526_0.0003,19523,836526,1416-52875-318,2.795599937438965,2.7869,0.0003,/home/nicho/GRAHSP_my/My-AGN-research-repository/spectra_workflow/outputs/all_chimera_spectra/spectra/154322.60+360243.9_836526_0.0003_spectrum.ecsv,ValueError: median spectrum/photometry scale 5.60149 is outside allowed range
rejected,031331.22-070422.8_836526_0.0003,19530,836526,459-51924-490,2.795599937438965,2.7865,0.0003,/home/nicho/GRAHSP_my/My-AGN-research-repository/spectra_workflow/outputs/all_chimera_spectra/spectra/031331.22-070422.8_836526_0.0003_spectrum.ecsv,ValueError: median spectrum/photometry scale 5.79571 is outside allowed range
rejected,083447.34+571010.1_836526_0.0003,19535,836526,1784-54425-268,2.795599937438965,2.7997000000000005,0.0003,/home/nicho/GRAHSP_my/My-AGN-research-repository/spectra_workflow/outputs/all_chimera_spectra/spectra/083447.34+571010.1_836526_0.0003_spectrum.ecsv,ValueError: median spectrum/photometry scale 5.93547 is outside allowed range
rejected,031331.22-070422.8_836526_0.0001,19549,836526,459-51924-490,2.795599937438965,2.7865,0.0001,/home/nicho/GRAHSP_my/My-AGN-research-repository/spectra_workflow/outputs/all_chimera_spectra/spectra/031331.22-070422.8_836526_0.0001_spectrum.ecsv,ValueError: median spectrum/photometry scale 6.63403 is outside allowed range
